subject_id,epoch_start_sec,epoch_duration_sec,stage_label,original_description
SC4001,0.0,30,W,Sleep stage W
SC4001,30.0,30,W,Sleep stage W
SC4001,60.0,30,W,Sleep stage W
SC4001,90.0,30,W,Sleep stage W
SC4001,120.0,30,W,Sleep stage W
SC4001,150.0,30,W,Sleep stage W
SC4001,180.0,30,W,Sleep stage W
SC4001,210.0,30,W,Sleep stage W
SC4001,240.0,30,W,Sleep stage W
SC4001,270.0,30,W,Sleep stage W
SC4001,300.0,30,W,Sleep stage W
SC4001,330.0,30,W,Sleep stage W
SC4001,360.0,30,W,Sleep stage W
SC4001,390.0,30,W,Sleep stage W
SC4001,420.0,30,W,Sleep stage W
SC4001,450.0,30,W,Sleep stage W
SC4001,480.0,30,W,Sleep stage W
SC4001,510.0,30,W,Sleep stage W
SC4001,540.0,30,W,Sleep stage W
SC4001,570.0,30,W,Sleep stage W
SC4001,600.0,30,W,Sleep stage W
SC4001,630.0,30,W,Sleep stage W
SC4001,660.0,30,W,Sleep stage W
SC4001,690.0,30,W,Sleep stage W
SC4001,720.0,30,W,Sleep stage W
SC4001,750.0,30,W,Sleep stage W
SC4001,780.0,30,W,Sleep stage W
SC4001,810.0,30,W,Sleep stage W
SC4001,840.0,30,W,Sleep stage W
SC4001,870.0,30,W,Sleep stage W
SC4001,900.0,30,W,Sleep stage W
SC4001,930.0,30,W,Sleep stage W
SC4001,960.0,30,W,Sleep stage W
SC4001,990.0,30,W,Sleep stage W
SC4001,1020.0,30,W,Sleep stage W
SC4001,1050.0,30,W,Sleep stage W
SC4001,1080.0,30,W,Sleep stage W
SC4001,1110.0,30,W,Sleep stage W
SC4001,1140.0,30,W,Sleep stage W
SC4001,1170.0,30,W,Sleep stage W
SC4001,1200.0,30,W,Sleep stage W
SC4001,1230.0,30,W,Sleep stage W
SC4001,1260.0,30,W,Sleep stage W
SC4001,1290.0,30,W,Sleep stage W
SC4001,1320.0,30,W,Sleep stage W
SC4001,1350.0,30,W,Sleep stage W
SC4001,1380.0,30,W,Sleep stage W
SC4001,1410.0,30,W,Sleep stage W
SC4001,1440.0,30,W,Sleep stage W
SC4001,1470.0,30,W,Sleep stage W
SC4001,1500.0,30,W,Sleep stage W
SC4001,1530.0,30,W,Sleep stage W
SC4001,1560.0,30,W,Sleep stage W
SC4001,1590.0,30,W,Sleep stage W
SC4001,1620.0,30,W,Sleep stage W
SC4001,1650.0,30,W,Sleep stage W
SC4001,1680.0,30,W,Sleep stage W
SC4001,1710.0,30,W,Sleep stage W
SC4001,1740.0,30,W,Sleep stage W
SC4001,1770.0,30,W,Sleep stage W
SC4001,1800.0,30,W,Sleep stage W
SC4001,1830.0,30,W,Sleep stage W
SC4001,1860.0,30,W,Sleep stage W
SC4001,1890.0,30,W,Sleep stage W
SC4001,1920.0,30,W,Sleep stage W
SC4001,1950.0,30,W,Sleep stage W
SC4001,1980.0,30,W,Sleep stage W
SC4001,2010.0,30,W,Sleep stage W
SC4001,2040.0,30,W,Sleep stage W
SC4001,2070.0,30,W,Sleep stage W
SC4001,2100.0,30,W,Sleep stage W
SC4001,2130.0,30,W,Sleep stage W
SC4001,2160.0,30,W,Sleep stage W
SC4001,2190.0,30,W,Sleep stage W
SC4001,2220.0,30,W,Sleep stage W
SC4001,2250.0,30,W,Sleep stage W
SC4001,2280.0,30,W,Sleep stage W
SC4001,2310.0,30,W,Sleep stage W
SC4001,2340.0,30,W,Sleep stage W
SC4001,2370.0,30,W,Sleep stage W
SC4001,2400.0,30,W,Sleep stage W
SC4001,2430.0,30,W,Sleep stage W
SC4001,2460.0,30,W,Sleep stage W
SC4001,2490.0,30,W,Sleep stage W
SC4001,2520.0,30,W,Sleep stage W
SC4001,2550.0,30,W,Sleep stage W
SC4001,2580.0,30,W,Sleep stage W
SC4001,2610.0,30,W,Sleep stage W
SC4001,2640.0,30,W,Sleep stage W
SC4001,2670.0,30,W,Sleep stage W
SC4001,2700.0,30,W,Sleep stage W
SC4001,2730.0,30,W,Sleep stage W
SC4001,2760.0,30,W,Sleep stage W
SC4001,2790.0,30,W,Sleep stage W
SC4001,2820.0,30,W,Sleep stage W
SC4001,2850.0,30,W,Sleep stage W
SC4001,2880.0,30,W,Sleep stage W
SC4001,2910.0,30,W,Sleep stage W
SC4001,2940.0,30,W,Sleep stage W
SC4001,2970.0,30,W,Sleep stage W
SC4001,3000.0,30,W,Sleep stage W
SC4001,3030.0,30,W,Sleep stage W
SC4001,3060.0,30,W,Sleep stage W
SC4001,3090.0,30,W,Sleep stage W
SC4001,3120.0,30,W,Sleep stage W
SC4001,3150.0,30,W,Sleep stage W
SC4001,3180.0,30,W,Sleep stage W
SC4001,3210.0,30,W,Sleep stage W
SC4001,3240.0,30,W,Sleep stage W
SC4001,3270.0,30,W,Sleep stage W
SC4001,3300.0,30,W,Sleep stage W
SC4001,3330.0,30,W,Sleep stage W
SC4001,3360.0,30,W,Sleep stage W
SC4001,3390.0,30,W,Sleep stage W
SC4001,3420.0,30,W,Sleep stage W
SC4001,3450.0,30,W,Sleep stage W
SC4001,3480.0,30,W,Sleep stage W
SC4001,3510.0,30,W,Sleep stage W
SC4001,3540.0,30,W,Sleep stage W
SC4001,3570.0,30,W,Sleep stage W
SC4001,3600.0,30,W,Sleep stage W
SC4001,3630.0,30,W,Sleep stage W
SC4001,3660.0,30,W,Sleep stage W
SC4001,3690.0,30,W,Sleep stage W
SC4001,3720.0,30,W,Sleep stage W
SC4001,3750.0,30,W,Sleep stage W
SC4001,3780.0,30,W,Sleep stage W
SC4001,3810.0,30,W,Sleep stage W
SC4001,3840.0,30,W,Sleep stage W
SC4001,3870.0,30,W,Sleep stage W
SC4001,3900.0,30,W,Sleep stage W
SC4001,3930.0,30,W,Sleep stage W
SC4001,3960.0,30,W,Sleep stage W
SC4001,3990.0,30,W,Sleep stage W
SC4001,4020.0,30,W,Sleep stage W
SC4001,4050.0,30,W,Sleep stage W
SC4001,4080.0,30,W,Sleep stage W
SC4001,4110.0,30,W,Sleep stage W
SC4001,4140.0,30,W,Sleep stage W
SC4001,4170.0,30,W,Sleep stage W
SC4001,4200.0,30,W,Sleep stage W
SC4001,4230.0,30,W,Sleep stage W
SC4001,4260.0,30,W,Sleep stage W
SC4001,4290.0,30,W,Sleep stage W
SC4001,4320.0,30,W,Sleep stage W
SC4001,4350.0,30,W,Sleep stage W
SC4001,4380.0,30,W,Sleep stage W
SC4001,4410.0,30,W,Sleep stage W
SC4001,4440.0,30,W,Sleep stage W
SC4001,4470.0,30,W,Sleep stage W
SC4001,4500.0,30,W,Sleep stage W
SC4001,4530.0,30,W,Sleep stage W
SC4001,4560.0,30,W,Sleep stage W
SC4001,4590.0,30,W,Sleep stage W
SC4001,4620.0,30,W,Sleep stage W
SC4001,4650.0,30,W,Sleep stage W
SC4001,4680.0,30,W,Sleep stage W
SC4001,4710.0,30,W,Sleep stage W
SC4001,4740.0,30,W,Sleep stage W
SC4001,4770.0,30,W,Sleep stage W
SC4001,4800.0,30,W,Sleep stage W
SC4001,4830.0,30,W,Sleep stage W
SC4001,4860.0,30,W,Sleep stage W
SC4001,4890.0,30,W,Sleep stage W
SC4001,4920.0,30,W,Sleep stage W
SC4001,4950.0,30,W,Sleep stage W
SC4001,4980.0,30,W,Sleep stage W
SC4001,5010.0,30,W,Sleep stage W
SC4001,5040.0,30,W,Sleep stage W
SC4001,5070.0,30,W,Sleep stage W
SC4001,5100.0,30,W,Sleep stage W
SC4001,5130.0,30,W,Sleep stage W
SC4001,5160.0,30,W,Sleep stage W
SC4001,5190.0,30,W,Sleep stage W
SC4001,5220.0,30,W,Sleep stage W
SC4001,5250.0,30,W,Sleep stage W
SC4001,5280.0,30,W,Sleep stage W
SC4001,5310.0,30,W,Sleep stage W
SC4001,5340.0,30,W,Sleep stage W
SC4001,5370.0,30,W,Sleep stage W
SC4001,5400.0,30,W,Sleep stage W
SC4001,5430.0,30,W,Sleep stage W
SC4001,5460.0,30,W,Sleep stage W
SC4001,5490.0,30,W,Sleep stage W
SC4001,5520.0,30,W,Sleep stage W
SC4001,5550.0,30,W,Sleep stage W
SC4001,5580.0,30,W,Sleep stage W
SC4001,5610.0,30,W,Sleep stage W
SC4001,5640.0,30,W,Sleep stage W
SC4001,5670.0,30,W,Sleep stage W
SC4001,5700.0,30,W,Sleep stage W
SC4001,5730.0,30,W,Sleep stage W
SC4001,5760.0,30,W,Sleep stage W
SC4001,5790.0,30,W,Sleep stage W
SC4001,5820.0,30,W,Sleep stage W
SC4001,5850.0,30,W,Sleep stage W
SC4001,5880.0,30,W,Sleep stage W
SC4001,5910.0,30,W,Sleep stage W
SC4001,5940.0,30,W,Sleep stage W
SC4001,5970.0,30,W,Sleep stage W
SC4001,6000.0,30,W,Sleep stage W
SC4001,6030.0,30,W,Sleep stage W
SC4001,6060.0,30,W,Sleep stage W
SC4001,6090.0,30,W,Sleep stage W
SC4001,6120.0,30,W,Sleep stage W
SC4001,6150.0,30,W,Sleep stage W
SC4001,6180.0,30,W,Sleep stage W
SC4001,6210.0,30,W,Sleep stage W
SC4001,6240.0,30,W,Sleep stage W
SC4001,6270.0,30,W,Sleep stage W
SC4001,6300.0,30,W,Sleep stage W
SC4001,6330.0,30,W,Sleep stage W
SC4001,6360.0,30,W,Sleep stage W
SC4001,6390.0,30,W,Sleep stage W
SC4001,6420.0,30,W,Sleep stage W
SC4001,6450.0,30,W,Sleep stage W
SC4001,6480.0,30,W,Sleep stage W
SC4001,6510.0,30,W,Sleep stage W
SC4001,6540.0,30,W,Sleep stage W
SC4001,6570.0,30,W,Sleep stage W
SC4001,6600.0,30,W,Sleep stage W
SC4001,6630.0,30,W,Sleep stage W
SC4001,6660.0,30,W,Sleep stage W
SC4001,6690.0,30,W,Sleep stage W
SC4001,6720.0,30,W,Sleep stage W
SC4001,6750.0,30,W,Sleep stage W
SC4001,6780.0,30,W,Sleep stage W
SC4001,6810.0,30,W,Sleep stage W
SC4001,6840.0,30,W,Sleep stage W
SC4001,6870.0,30,W,Sleep stage W
SC4001,6900.0,30,W,Sleep stage W
SC4001,6930.0,30,W,Sleep stage W
SC4001,6960.0,30,W,Sleep stage W
SC4001,6990.0,30,W,Sleep stage W
SC4001,7020.0,30,W,Sleep stage W
SC4001,7050.0,30,W,Sleep stage W
SC4001,7080.0,30,W,Sleep stage W
SC4001,7110.0,30,W,Sleep stage W
SC4001,7140.0,30,W,Sleep stage W
SC4001,7170.0,30,W,Sleep stage W
SC4001,7200.0,30,W,Sleep stage W
SC4001,7230.0,30,W,Sleep stage W
SC4001,7260.0,30,W,Sleep stage W
SC4001,7290.0,30,W,Sleep stage W
SC4001,7320.0,30,W,Sleep stage W
SC4001,7350.0,30,W,Sleep stage W
SC4001,7380.0,30,W,Sleep stage W
SC4001,7410.0,30,W,Sleep stage W
SC4001,7440.0,30,W,Sleep stage W
SC4001,7470.0,30,W,Sleep stage W
SC4001,7500.0,30,W,Sleep stage W
SC4001,7530.0,30,W,Sleep stage W
SC4001,7560.0,30,W,Sleep stage W
SC4001,7590.0,30,W,Sleep stage W
SC4001,7620.0,30,W,Sleep stage W
SC4001,7650.0,30,W,Sleep stage W
SC4001,7680.0,30,W,Sleep stage W
SC4001,7710.0,30,W,Sleep stage W
SC4001,7740.0,30,W,Sleep stage W
SC4001,7770.0,30,W,Sleep stage W
SC4001,7800.0,30,W,Sleep stage W
SC4001,7830.0,30,W,Sleep stage W
SC4001,7860.0,30,W,Sleep stage W
SC4001,7890.0,30,W,Sleep stage W
SC4001,7920.0,30,W,Sleep stage W
SC4001,7950.0,30,W,Sleep stage W
SC4001,7980.0,30,W,Sleep stage W
SC4001,8010.0,30,W,Sleep stage W
SC4001,8040.0,30,W,Sleep stage W
SC4001,8070.0,30,W,Sleep stage W
SC4001,8100.0,30,W,Sleep stage W
SC4001,8130.0,30,W,Sleep stage W
SC4001,8160.0,30,W,Sleep stage W
SC4001,8190.0,30,W,Sleep stage W
SC4001,8220.0,30,W,Sleep stage W
SC4001,8250.0,30,W,Sleep stage W
SC4001,8280.0,30,W,Sleep stage W
SC4001,8310.0,30,W,Sleep stage W
SC4001,8340.0,30,W,Sleep stage W
SC4001,8370.0,30,W,Sleep stage W
SC4001,8400.0,30,W,Sleep stage W
SC4001,8430.0,30,W,Sleep stage W
SC4001,8460.0,30,W,Sleep stage W
SC4001,8490.0,30,W,Sleep stage W
SC4001,8520.0,30,W,Sleep stage W
SC4001,8550.0,30,W,Sleep stage W
SC4001,8580.0,30,W,Sleep stage W
SC4001,8610.0,30,W,Sleep stage W
SC4001,8640.0,30,W,Sleep stage W
SC4001,8670.0,30,W,Sleep stage W
SC4001,8700.0,30,W,Sleep stage W
SC4001,8730.0,30,W,Sleep stage W
SC4001,8760.0,30,W,Sleep stage W
SC4001,8790.0,30,W,Sleep stage W
SC4001,8820.0,30,W,Sleep stage W
SC4001,8850.0,30,W,Sleep stage W
SC4001,8880.0,30,W,Sleep stage W
SC4001,8910.0,30,W,Sleep stage W
SC4001,8940.0,30,W,Sleep stage W
SC4001,8970.0,30,W,Sleep stage W
SC4001,9000.0,30,W,Sleep stage W
SC4001,9030.0,30,W,Sleep stage W
SC4001,9060.0,30,W,Sleep stage W
SC4001,9090.0,30,W,Sleep stage W
SC4001,9120.0,30,W,Sleep stage W
SC4001,9150.0,30,W,Sleep stage W
SC4001,9180.0,30,W,Sleep stage W
SC4001,9210.0,30,W,Sleep stage W
SC4001,9240.0,30,W,Sleep stage W
SC4001,9270.0,30,W,Sleep stage W
SC4001,9300.0,30,W,Sleep stage W
SC4001,9330.0,30,W,Sleep stage W
SC4001,9360.0,30,W,Sleep stage W
SC4001,9390.0,30,W,Sleep stage W
SC4001,9420.0,30,W,Sleep stage W
SC4001,9450.0,30,W,Sleep stage W
SC4001,9480.0,30,W,Sleep stage W
SC4001,9510.0,30,W,Sleep stage W
SC4001,9540.0,30,W,Sleep stage W
SC4001,9570.0,30,W,Sleep stage W
SC4001,9600.0,30,W,Sleep stage W
SC4001,9630.0,30,W,Sleep stage W
SC4001,9660.0,30,W,Sleep stage W
SC4001,9690.0,30,W,Sleep stage W
SC4001,9720.0,30,W,Sleep stage W
SC4001,9750.0,30,W,Sleep stage W
SC4001,9780.0,30,W,Sleep stage W
SC4001,9810.0,30,W,Sleep stage W
SC4001,9840.0,30,W,Sleep stage W
SC4001,9870.0,30,W,Sleep stage W
SC4001,9900.0,30,W,Sleep stage W
SC4001,9930.0,30,W,Sleep stage W
SC4001,9960.0,30,W,Sleep stage W
SC4001,9990.0,30,W,Sleep stage W
SC4001,10020.0,30,W,Sleep stage W
SC4001,10050.0,30,W,Sleep stage W
SC4001,10080.0,30,W,Sleep stage W
SC4001,10110.0,30,W,Sleep stage W
SC4001,10140.0,30,W,Sleep stage W
SC4001,10170.0,30,W,Sleep stage W
SC4001,10200.0,30,W,Sleep stage W
SC4001,10230.0,30,W,Sleep stage W
SC4001,10260.0,30,W,Sleep stage W
SC4001,10290.0,30,W,Sleep stage W
SC4001,10320.0,30,W,Sleep stage W
SC4001,10350.0,30,W,Sleep stage W
SC4001,10380.0,30,W,Sleep stage W
SC4001,10410.0,30,W,Sleep stage W
SC4001,10440.0,30,W,Sleep stage W
SC4001,10470.0,30,W,Sleep stage W
SC4001,10500.0,30,W,Sleep stage W
SC4001,10530.0,30,W,Sleep stage W
SC4001,10560.0,30,W,Sleep stage W
SC4001,10590.0,30,W,Sleep stage W
SC4001,10620.0,30,W,Sleep stage W
SC4001,10650.0,30,W,Sleep stage W
SC4001,10680.0,30,W,Sleep stage W
SC4001,10710.0,30,W,Sleep stage W
SC4001,10740.0,30,W,Sleep stage W
SC4001,10770.0,30,W,Sleep stage W
SC4001,10800.0,30,W,Sleep stage W
SC4001,10830.0,30,W,Sleep stage W
SC4001,10860.0,30,W,Sleep stage W
SC4001,10890.0,30,W,Sleep stage W
SC4001,10920.0,30,W,Sleep stage W
SC4001,10950.0,30,W,Sleep stage W
SC4001,10980.0,30,W,Sleep stage W
SC4001,11010.0,30,W,Sleep stage W
SC4001,11040.0,30,W,Sleep stage W
SC4001,11070.0,30,W,Sleep stage W
SC4001,11100.0,30,W,Sleep stage W
SC4001,11130.0,30,W,Sleep stage W
SC4001,11160.0,30,W,Sleep stage W
SC4001,11190.0,30,W,Sleep stage W
SC4001,11220.0,30,W,Sleep stage W
SC4001,11250.0,30,W,Sleep stage W
SC4001,11280.0,30,W,Sleep stage W
SC4001,11310.0,30,W,Sleep stage W
SC4001,11340.0,30,W,Sleep stage W
SC4001,11370.0,30,W,Sleep stage W
SC4001,11400.0,30,W,Sleep stage W
SC4001,11430.0,30,W,Sleep stage W
SC4001,11460.0,30,W,Sleep stage W
SC4001,11490.0,30,W,Sleep stage W
SC4001,11520.0,30,W,Sleep stage W
SC4001,11550.0,30,W,Sleep stage W
SC4001,11580.0,30,W,Sleep stage W
SC4001,11610.0,30,W,Sleep stage W
SC4001,11640.0,30,W,Sleep stage W
SC4001,11670.0,30,W,Sleep stage W
SC4001,11700.0,30,W,Sleep stage W
SC4001,11730.0,30,W,Sleep stage W
SC4001,11760.0,30,W,Sleep stage W
SC4001,11790.0,30,W,Sleep stage W
SC4001,11820.0,30,W,Sleep stage W
SC4001,11850.0,30,W,Sleep stage W
SC4001,11880.0,30,W,Sleep stage W
SC4001,11910.0,30,W,Sleep stage W
SC4001,11940.0,30,W,Sleep stage W
SC4001,11970.0,30,W,Sleep stage W
SC4001,12000.0,30,W,Sleep stage W
SC4001,12030.0,30,W,Sleep stage W
SC4001,12060.0,30,W,Sleep stage W
SC4001,12090.0,30,W,Sleep stage W
SC4001,12120.0,30,W,Sleep stage W
SC4001,12150.0,30,W,Sleep stage W
SC4001,12180.0,30,W,Sleep stage W
SC4001,12210.0,30,W,Sleep stage W
SC4001,12240.0,30,W,Sleep stage W
SC4001,12270.0,30,W,Sleep stage W
SC4001,12300.0,30,W,Sleep stage W
SC4001,12330.0,30,W,Sleep stage W
SC4001,12360.0,30,W,Sleep stage W
SC4001,12390.0,30,W,Sleep stage W
SC4001,12420.0,30,W,Sleep stage W
SC4001,12450.0,30,W,Sleep stage W
SC4001,12480.0,30,W,Sleep stage W
SC4001,12510.0,30,W,Sleep stage W
SC4001,12540.0,30,W,Sleep stage W
SC4001,12570.0,30,W,Sleep stage W
SC4001,12600.0,30,W,Sleep stage W
SC4001,12630.0,30,W,Sleep stage W
SC4001,12660.0,30,W,Sleep stage W
SC4001,12690.0,30,W,Sleep stage W
SC4001,12720.0,30,W,Sleep stage W
SC4001,12750.0,30,W,Sleep stage W
SC4001,12780.0,30,W,Sleep stage W
SC4001,12810.0,30,W,Sleep stage W
SC4001,12840.0,30,W,Sleep stage W
SC4001,12870.0,30,W,Sleep stage W
SC4001,12900.0,30,W,Sleep stage W
SC4001,12930.0,30,W,Sleep stage W
SC4001,12960.0,30,W,Sleep stage W
SC4001,12990.0,30,W,Sleep stage W
SC4001,13020.0,30,W,Sleep stage W
SC4001,13050.0,30,W,Sleep stage W
SC4001,13080.0,30,W,Sleep stage W
SC4001,13110.0,30,W,Sleep stage W
SC4001,13140.0,30,W,Sleep stage W
SC4001,13170.0,30,W,Sleep stage W
SC4001,13200.0,30,W,Sleep stage W
SC4001,13230.0,30,W,Sleep stage W
SC4001,13260.0,30,W,Sleep stage W
SC4001,13290.0,30,W,Sleep stage W
SC4001,13320.0,30,W,Sleep stage W
SC4001,13350.0,30,W,Sleep stage W
SC4001,13380.0,30,W,Sleep stage W
SC4001,13410.0,30,W,Sleep stage W
SC4001,13440.0,30,W,Sleep stage W
SC4001,13470.0,30,W,Sleep stage W
SC4001,13500.0,30,W,Sleep stage W
SC4001,13530.0,30,W,Sleep stage W
SC4001,13560.0,30,W,Sleep stage W
SC4001,13590.0,30,W,Sleep stage W
SC4001,13620.0,30,W,Sleep stage W
SC4001,13650.0,30,W,Sleep stage W
SC4001,13680.0,30,W,Sleep stage W
SC4001,13710.0,30,W,Sleep stage W
SC4001,13740.0,30,W,Sleep stage W
SC4001,13770.0,30,W,Sleep stage W
SC4001,13800.0,30,W,Sleep stage W
SC4001,13830.0,30,W,Sleep stage W
SC4001,13860.0,30,W,Sleep stage W
SC4001,13890.0,30,W,Sleep stage W
SC4001,13920.0,30,W,Sleep stage W
SC4001,13950.0,30,W,Sleep stage W
SC4001,13980.0,30,W,Sleep stage W
SC4001,14010.0,30,W,Sleep stage W
SC4001,14040.0,30,W,Sleep stage W
SC4001,14070.0,30,W,Sleep stage W
SC4001,14100.0,30,W,Sleep stage W
SC4001,14130.0,30,W,Sleep stage W
SC4001,14160.0,30,W,Sleep stage W
SC4001,14190.0,30,W,Sleep stage W
SC4001,14220.0,30,W,Sleep stage W
SC4001,14250.0,30,W,Sleep stage W
SC4001,14280.0,30,W,Sleep stage W
SC4001,14310.0,30,W,Sleep stage W
SC4001,14340.0,30,W,Sleep stage W
SC4001,14370.0,30,W,Sleep stage W
SC4001,14400.0,30,W,Sleep stage W
SC4001,14430.0,30,W,Sleep stage W
SC4001,14460.0,30,W,Sleep stage W
SC4001,14490.0,30,W,Sleep stage W
SC4001,14520.0,30,W,Sleep stage W
SC4001,14550.0,30,W,Sleep stage W
SC4001,14580.0,30,W,Sleep stage W
SC4001,14610.0,30,W,Sleep stage W
SC4001,14640.0,30,W,Sleep stage W
SC4001,14670.0,30,W,Sleep stage W
SC4001,14700.0,30,W,Sleep stage W
SC4001,14730.0,30,W,Sleep stage W
SC4001,14760.0,30,W,Sleep stage W
SC4001,14790.0,30,W,Sleep stage W
SC4001,14820.0,30,W,Sleep stage W
SC4001,14850.0,30,W,Sleep stage W
SC4001,14880.0,30,W,Sleep stage W
SC4001,14910.0,30,W,Sleep stage W
SC4001,14940.0,30,W,Sleep stage W
SC4001,14970.0,30,W,Sleep stage W
SC4001,15000.0,30,W,Sleep stage W
SC4001,15030.0,30,W,Sleep stage W
SC4001,15060.0,30,W,Sleep stage W
SC4001,15090.0,30,W,Sleep stage W
SC4001,15120.0,30,W,Sleep stage W
SC4001,15150.0,30,W,Sleep stage W
SC4001,15180.0,30,W,Sleep stage W
SC4001,15210.0,30,W,Sleep stage W
SC4001,15240.0,30,W,Sleep stage W
SC4001,15270.0,30,W,Sleep stage W
SC4001,15300.0,30,W,Sleep stage W
SC4001,15330.0,30,W,Sleep stage W
SC4001,15360.0,30,W,Sleep stage W
SC4001,15390.0,30,W,Sleep stage W
SC4001,15420.0,30,W,Sleep stage W
SC4001,15450.0,30,W,Sleep stage W
SC4001,15480.0,30,W,Sleep stage W
SC4001,15510.0,30,W,Sleep stage W
SC4001,15540.0,30,W,Sleep stage W
SC4001,15570.0,30,W,Sleep stage W
SC4001,15600.0,30,W,Sleep stage W
SC4001,15630.0,30,W,Sleep stage W
SC4001,15660.0,30,W,Sleep stage W
SC4001,15690.0,30,W,Sleep stage W
SC4001,15720.0,30,W,Sleep stage W
SC4001,15750.0,30,W,Sleep stage W
SC4001,15780.0,30,W,Sleep stage W
SC4001,15810.0,30,W,Sleep stage W
SC4001,15840.0,30,W,Sleep stage W
SC4001,15870.0,30,W,Sleep stage W
SC4001,15900.0,30,W,Sleep stage W
SC4001,15930.0,30,W,Sleep stage W
SC4001,15960.0,30,W,Sleep stage W
SC4001,15990.0,30,W,Sleep stage W
SC4001,16020.0,30,W,Sleep stage W
SC4001,16050.0,30,W,Sleep stage W
SC4001,16080.0,30,W,Sleep stage W
SC4001,16110.0,30,W,Sleep stage W
SC4001,16140.0,30,W,Sleep stage W
SC4001,16170.0,30,W,Sleep stage W
SC4001,16200.0,30,W,Sleep stage W
SC4001,16230.0,30,W,Sleep stage W
SC4001,16260.0,30,W,Sleep stage W
SC4001,16290.0,30,W,Sleep stage W
SC4001,16320.0,30,W,Sleep stage W
SC4001,16350.0,30,W,Sleep stage W
SC4001,16380.0,30,W,Sleep stage W
SC4001,16410.0,30,W,Sleep stage W
SC4001,16440.0,30,W,Sleep stage W
SC4001,16470.0,30,W,Sleep stage W
SC4001,16500.0,30,W,Sleep stage W
SC4001,16530.0,30,W,Sleep stage W
SC4001,16560.0,30,W,Sleep stage W
SC4001,16590.0,30,W,Sleep stage W
SC4001,16620.0,30,W,Sleep stage W
SC4001,16650.0,30,W,Sleep stage W
SC4001,16680.0,30,W,Sleep stage W
SC4001,16710.0,30,W,Sleep stage W
SC4001,16740.0,30,W,Sleep stage W
SC4001,16770.0,30,W,Sleep stage W
SC4001,16800.0,30,W,Sleep stage W
SC4001,16830.0,30,W,Sleep stage W
SC4001,16860.0,30,W,Sleep stage W
SC4001,16890.0,30,W,Sleep stage W
SC4001,16920.0,30,W,Sleep stage W
SC4001,16950.0,30,W,Sleep stage W
SC4001,16980.0,30,W,Sleep stage W
SC4001,17010.0,30,W,Sleep stage W
SC4001,17040.0,30,W,Sleep stage W
SC4001,17070.0,30,W,Sleep stage W
SC4001,17100.0,30,W,Sleep stage W
SC4001,17130.0,30,W,Sleep stage W
SC4001,17160.0,30,W,Sleep stage W
SC4001,17190.0,30,W,Sleep stage W
SC4001,17220.0,30,W,Sleep stage W
SC4001,17250.0,30,W,Sleep stage W
SC4001,17280.0,30,W,Sleep stage W
SC4001,17310.0,30,W,Sleep stage W
SC4001,17340.0,30,W,Sleep stage W
SC4001,17370.0,30,W,Sleep stage W
SC4001,17400.0,30,W,Sleep stage W
SC4001,17430.0,30,W,Sleep stage W
SC4001,17460.0,30,W,Sleep stage W
SC4001,17490.0,30,W,Sleep stage W
SC4001,17520.0,30,W,Sleep stage W
SC4001,17550.0,30,W,Sleep stage W
SC4001,17580.0,30,W,Sleep stage W
SC4001,17610.0,30,W,Sleep stage W
SC4001,17640.0,30,W,Sleep stage W
SC4001,17670.0,30,W,Sleep stage W
SC4001,17700.0,30,W,Sleep stage W
SC4001,17730.0,30,W,Sleep stage W
SC4001,17760.0,30,W,Sleep stage W
SC4001,17790.0,30,W,Sleep stage W
SC4001,17820.0,30,W,Sleep stage W
SC4001,17850.0,30,W,Sleep stage W
SC4001,17880.0,30,W,Sleep stage W
SC4001,17910.0,30,W,Sleep stage W
SC4001,17940.0,30,W,Sleep stage W
SC4001,17970.0,30,W,Sleep stage W
SC4001,18000.0,30,W,Sleep stage W
SC4001,18030.0,30,W,Sleep stage W
SC4001,18060.0,30,W,Sleep stage W
SC4001,18090.0,30,W,Sleep stage W
SC4001,18120.0,30,W,Sleep stage W
SC4001,18150.0,30,W,Sleep stage W
SC4001,18180.0,30,W,Sleep stage W
SC4001,18210.0,30,W,Sleep stage W
SC4001,18240.0,30,W,Sleep stage W
SC4001,18270.0,30,W,Sleep stage W
SC4001,18300.0,30,W,Sleep stage W
SC4001,18330.0,30,W,Sleep stage W
SC4001,18360.0,30,W,Sleep stage W
SC4001,18390.0,30,W,Sleep stage W
SC4001,18420.0,30,W,Sleep stage W
SC4001,18450.0,30,W,Sleep stage W
SC4001,18480.0,30,W,Sleep stage W
SC4001,18510.0,30,W,Sleep stage W
SC4001,18540.0,30,W,Sleep stage W
SC4001,18570.0,30,W,Sleep stage W
SC4001,18600.0,30,W,Sleep stage W
SC4001,18630.0,30,W,Sleep stage W
SC4001,18660.0,30,W,Sleep stage W
SC4001,18690.0,30,W,Sleep stage W
SC4001,18720.0,30,W,Sleep stage W
SC4001,18750.0,30,W,Sleep stage W
SC4001,18780.0,30,W,Sleep stage W
SC4001,18810.0,30,W,Sleep stage W
SC4001,18840.0,30,W,Sleep stage W
SC4001,18870.0,30,W,Sleep stage W
SC4001,18900.0,30,W,Sleep stage W
SC4001,18930.0,30,W,Sleep stage W
SC4001,18960.0,30,W,Sleep stage W
SC4001,18990.0,30,W,Sleep stage W
SC4001,19020.0,30,W,Sleep stage W
SC4001,19050.0,30,W,Sleep stage W
SC4001,19080.0,30,W,Sleep stage W
SC4001,19110.0,30,W,Sleep stage W
SC4001,19140.0,30,W,Sleep stage W
SC4001,19170.0,30,W,Sleep stage W
SC4001,19200.0,30,W,Sleep stage W
SC4001,19230.0,30,W,Sleep stage W
SC4001,19260.0,30,W,Sleep stage W
SC4001,19290.0,30,W,Sleep stage W
SC4001,19320.0,30,W,Sleep stage W
SC4001,19350.0,30,W,Sleep stage W
SC4001,19380.0,30,W,Sleep stage W
SC4001,19410.0,30,W,Sleep stage W
SC4001,19440.0,30,W,Sleep stage W
SC4001,19470.0,30,W,Sleep stage W
SC4001,19500.0,30,W,Sleep stage W
SC4001,19530.0,30,W,Sleep stage W
SC4001,19560.0,30,W,Sleep stage W
SC4001,19590.0,30,W,Sleep stage W
SC4001,19620.0,30,W,Sleep stage W
SC4001,19650.0,30,W,Sleep stage W
SC4001,19680.0,30,W,Sleep stage W
SC4001,19710.0,30,W,Sleep stage W
SC4001,19740.0,30,W,Sleep stage W
SC4001,19770.0,30,W,Sleep stage W
SC4001,19800.0,30,W,Sleep stage W
SC4001,19830.0,30,W,Sleep stage W
SC4001,19860.0,30,W,Sleep stage W
SC4001,19890.0,30,W,Sleep stage W
SC4001,19920.0,30,W,Sleep stage W
SC4001,19950.0,30,W,Sleep stage W
SC4001,19980.0,30,W,Sleep stage W
SC4001,20010.0,30,W,Sleep stage W
SC4001,20040.0,30,W,Sleep stage W
SC4001,20070.0,30,W,Sleep stage W
SC4001,20100.0,30,W,Sleep stage W
SC4001,20130.0,30,W,Sleep stage W
SC4001,20160.0,30,W,Sleep stage W
SC4001,20190.0,30,W,Sleep stage W
SC4001,20220.0,30,W,Sleep stage W
SC4001,20250.0,30,W,Sleep stage W
SC4001,20280.0,30,W,Sleep stage W
SC4001,20310.0,30,W,Sleep stage W
SC4001,20340.0,30,W,Sleep stage W
SC4001,20370.0,30,W,Sleep stage W
SC4001,20400.0,30,W,Sleep stage W
SC4001,20430.0,30,W,Sleep stage W
SC4001,20460.0,30,W,Sleep stage W
SC4001,20490.0,30,W,Sleep stage W
SC4001,20520.0,30,W,Sleep stage W
SC4001,20550.0,30,W,Sleep stage W
SC4001,20580.0,30,W,Sleep stage W
SC4001,20610.0,30,W,Sleep stage W
SC4001,20640.0,30,W,Sleep stage W
SC4001,20670.0,30,W,Sleep stage W
SC4001,20700.0,30,W,Sleep stage W
SC4001,20730.0,30,W,Sleep stage W
SC4001,20760.0,30,W,Sleep stage W
SC4001,20790.0,30,W,Sleep stage W
SC4001,20820.0,30,W,Sleep stage W
SC4001,20850.0,30,W,Sleep stage W
SC4001,20880.0,30,W,Sleep stage W
SC4001,20910.0,30,W,Sleep stage W
SC4001,20940.0,30,W,Sleep stage W
SC4001,20970.0,30,W,Sleep stage W
SC4001,21000.0,30,W,Sleep stage W
SC4001,21030.0,30,W,Sleep stage W
SC4001,21060.0,30,W,Sleep stage W
SC4001,21090.0,30,W,Sleep stage W
SC4001,21120.0,30,W,Sleep stage W
SC4001,21150.0,30,W,Sleep stage W
SC4001,21180.0,30,W,Sleep stage W
SC4001,21210.0,30,W,Sleep stage W
SC4001,21240.0,30,W,Sleep stage W
SC4001,21270.0,30,W,Sleep stage W
SC4001,21300.0,30,W,Sleep stage W
SC4001,21330.0,30,W,Sleep stage W
SC4001,21360.0,30,W,Sleep stage W
SC4001,21390.0,30,W,Sleep stage W
SC4001,21420.0,30,W,Sleep stage W
SC4001,21450.0,30,W,Sleep stage W
SC4001,21480.0,30,W,Sleep stage W
SC4001,21510.0,30,W,Sleep stage W
SC4001,21540.0,30,W,Sleep stage W
SC4001,21570.0,30,W,Sleep stage W
SC4001,21600.0,30,W,Sleep stage W
SC4001,21630.0,30,W,Sleep stage W
SC4001,21660.0,30,W,Sleep stage W
SC4001,21690.0,30,W,Sleep stage W
SC4001,21720.0,30,W,Sleep stage W
SC4001,21750.0,30,W,Sleep stage W
SC4001,21780.0,30,W,Sleep stage W
SC4001,21810.0,30,W,Sleep stage W
SC4001,21840.0,30,W,Sleep stage W
SC4001,21870.0,30,W,Sleep stage W
SC4001,21900.0,30,W,Sleep stage W
SC4001,21930.0,30,W,Sleep stage W
SC4001,21960.0,30,W,Sleep stage W
SC4001,21990.0,30,W,Sleep stage W
SC4001,22020.0,30,W,Sleep stage W
SC4001,22050.0,30,W,Sleep stage W
SC4001,22080.0,30,W,Sleep stage W
SC4001,22110.0,30,W,Sleep stage W
SC4001,22140.0,30,W,Sleep stage W
SC4001,22170.0,30,W,Sleep stage W
SC4001,22200.0,30,W,Sleep stage W
SC4001,22230.0,30,W,Sleep stage W
SC4001,22260.0,30,W,Sleep stage W
SC4001,22290.0,30,W,Sleep stage W
SC4001,22320.0,30,W,Sleep stage W
SC4001,22350.0,30,W,Sleep stage W
SC4001,22380.0,30,W,Sleep stage W
SC4001,22410.0,30,W,Sleep stage W
SC4001,22440.0,30,W,Sleep stage W
SC4001,22470.0,30,W,Sleep stage W
SC4001,22500.0,30,W,Sleep stage W
SC4001,22530.0,30,W,Sleep stage W
SC4001,22560.0,30,W,Sleep stage W
SC4001,22590.0,30,W,Sleep stage W
SC4001,22620.0,30,W,Sleep stage W
SC4001,22650.0,30,W,Sleep stage W
SC4001,22680.0,30,W,Sleep stage W
SC4001,22710.0,30,W,Sleep stage W
SC4001,22740.0,30,W,Sleep stage W
SC4001,22770.0,30,W,Sleep stage W
SC4001,22800.0,30,W,Sleep stage W
SC4001,22830.0,30,W,Sleep stage W
SC4001,22860.0,30,W,Sleep stage W
SC4001,22890.0,30,W,Sleep stage W
SC4001,22920.0,30,W,Sleep stage W
SC4001,22950.0,30,W,Sleep stage W
SC4001,22980.0,30,W,Sleep stage W
SC4001,23010.0,30,W,Sleep stage W
SC4001,23040.0,30,W,Sleep stage W
SC4001,23070.0,30,W,Sleep stage W
SC4001,23100.0,30,W,Sleep stage W
SC4001,23130.0,30,W,Sleep stage W
SC4001,23160.0,30,W,Sleep stage W
SC4001,23190.0,30,W,Sleep stage W
SC4001,23220.0,30,W,Sleep stage W
SC4001,23250.0,30,W,Sleep stage W
SC4001,23280.0,30,W,Sleep stage W
SC4001,23310.0,30,W,Sleep stage W
SC4001,23340.0,30,W,Sleep stage W
SC4001,23370.0,30,W,Sleep stage W
SC4001,23400.0,30,W,Sleep stage W
SC4001,23430.0,30,W,Sleep stage W
SC4001,23460.0,30,W,Sleep stage W
SC4001,23490.0,30,W,Sleep stage W
SC4001,23520.0,30,W,Sleep stage W
SC4001,23550.0,30,W,Sleep stage W
SC4001,23580.0,30,W,Sleep stage W
SC4001,23610.0,30,W,Sleep stage W
SC4001,23640.0,30,W,Sleep stage W
SC4001,23670.0,30,W,Sleep stage W
SC4001,23700.0,30,W,Sleep stage W
SC4001,23730.0,30,W,Sleep stage W
SC4001,23760.0,30,W,Sleep stage W
SC4001,23790.0,30,W,Sleep stage W
SC4001,23820.0,30,W,Sleep stage W
SC4001,23850.0,30,W,Sleep stage W
SC4001,23880.0,30,W,Sleep stage W
SC4001,23910.0,30,W,Sleep stage W
SC4001,23940.0,30,W,Sleep stage W
SC4001,23970.0,30,W,Sleep stage W
SC4001,24000.0,30,W,Sleep stage W
SC4001,24030.0,30,W,Sleep stage W
SC4001,24060.0,30,W,Sleep stage W
SC4001,24090.0,30,W,Sleep stage W
SC4001,24120.0,30,W,Sleep stage W
SC4001,24150.0,30,W,Sleep stage W
SC4001,24180.0,30,W,Sleep stage W
SC4001,24210.0,30,W,Sleep stage W
SC4001,24240.0,30,W,Sleep stage W
SC4001,24270.0,30,W,Sleep stage W
SC4001,24300.0,30,W,Sleep stage W
SC4001,24330.0,30,W,Sleep stage W
SC4001,24360.0,30,W,Sleep stage W
SC4001,24390.0,30,W,Sleep stage W
SC4001,24420.0,30,W,Sleep stage W
SC4001,24450.0,30,W,Sleep stage W
SC4001,24480.0,30,W,Sleep stage W
SC4001,24510.0,30,W,Sleep stage W
SC4001,24540.0,30,W,Sleep stage W
SC4001,24570.0,30,W,Sleep stage W
SC4001,24600.0,30,W,Sleep stage W
SC4001,24630.0,30,W,Sleep stage W
SC4001,24660.0,30,W,Sleep stage W
SC4001,24690.0,30,W,Sleep stage W
SC4001,24720.0,30,W,Sleep stage W
SC4001,24750.0,30,W,Sleep stage W
SC4001,24780.0,30,W,Sleep stage W
SC4001,24810.0,30,W,Sleep stage W
SC4001,24840.0,30,W,Sleep stage W
SC4001,24870.0,30,W,Sleep stage W
SC4001,24900.0,30,W,Sleep stage W
SC4001,24930.0,30,W,Sleep stage W
SC4001,24960.0,30,W,Sleep stage W
SC4001,24990.0,30,W,Sleep stage W
SC4001,25020.0,30,W,Sleep stage W
SC4001,25050.0,30,W,Sleep stage W
SC4001,25080.0,30,W,Sleep stage W
SC4001,25110.0,30,W,Sleep stage W
SC4001,25140.0,30,W,Sleep stage W
SC4001,25170.0,30,W,Sleep stage W
SC4001,25200.0,30,W,Sleep stage W
SC4001,25230.0,30,W,Sleep stage W
SC4001,25260.0,30,W,Sleep stage W
SC4001,25290.0,30,W,Sleep stage W
SC4001,25320.0,30,W,Sleep stage W
SC4001,25350.0,30,W,Sleep stage W
SC4001,25380.0,30,W,Sleep stage W
SC4001,25410.0,30,W,Sleep stage W
SC4001,25440.0,30,W,Sleep stage W
SC4001,25470.0,30,W,Sleep stage W
SC4001,25500.0,30,W,Sleep stage W
SC4001,25530.0,30,W,Sleep stage W
SC4001,25560.0,30,W,Sleep stage W
SC4001,25590.0,30,W,Sleep stage W
SC4001,25620.0,30,W,Sleep stage W
SC4001,25650.0,30,W,Sleep stage W
SC4001,25680.0,30,W,Sleep stage W
SC4001,25710.0,30,W,Sleep stage W
SC4001,25740.0,30,W,Sleep stage W
SC4001,25770.0,30,W,Sleep stage W
SC4001,25800.0,30,W,Sleep stage W
SC4001,25830.0,30,W,Sleep stage W
SC4001,25860.0,30,W,Sleep stage W
SC4001,25890.0,30,W,Sleep stage W
SC4001,25920.0,30,W,Sleep stage W
SC4001,25950.0,30,W,Sleep stage W
SC4001,25980.0,30,W,Sleep stage W
SC4001,26010.0,30,W,Sleep stage W
SC4001,26040.0,30,W,Sleep stage W
SC4001,26070.0,30,W,Sleep stage W
SC4001,26100.0,30,W,Sleep stage W
SC4001,26130.0,30,W,Sleep stage W
SC4001,26160.0,30,W,Sleep stage W
SC4001,26190.0,30,W,Sleep stage W
SC4001,26220.0,30,W,Sleep stage W
SC4001,26250.0,30,W,Sleep stage W
SC4001,26280.0,30,W,Sleep stage W
SC4001,26310.0,30,W,Sleep stage W
SC4001,26340.0,30,W,Sleep stage W
SC4001,26370.0,30,W,Sleep stage W
SC4001,26400.0,30,W,Sleep stage W
SC4001,26430.0,30,W,Sleep stage W
SC4001,26460.0,30,W,Sleep stage W
SC4001,26490.0,30,W,Sleep stage W
SC4001,26520.0,30,W,Sleep stage W
SC4001,26550.0,30,W,Sleep stage W
SC4001,26580.0,30,W,Sleep stage W
SC4001,26610.0,30,W,Sleep stage W
SC4001,26640.0,30,W,Sleep stage W
SC4001,26670.0,30,W,Sleep stage W
SC4001,26700.0,30,W,Sleep stage W
SC4001,26730.0,30,W,Sleep stage W
SC4001,26760.0,30,W,Sleep stage W
SC4001,26790.0,30,W,Sleep stage W
SC4001,26820.0,30,W,Sleep stage W
SC4001,26850.0,30,W,Sleep stage W
SC4001,26880.0,30,W,Sleep stage W
SC4001,26910.0,30,W,Sleep stage W
SC4001,26940.0,30,W,Sleep stage W
SC4001,26970.0,30,W,Sleep stage W
SC4001,27000.0,30,W,Sleep stage W
SC4001,27030.0,30,W,Sleep stage W
SC4001,27060.0,30,W,Sleep stage W
SC4001,27090.0,30,W,Sleep stage W
SC4001,27120.0,30,W,Sleep stage W
SC4001,27150.0,30,W,Sleep stage W
SC4001,27180.0,30,W,Sleep stage W
SC4001,27210.0,30,W,Sleep stage W
SC4001,27240.0,30,W,Sleep stage W
SC4001,27270.0,30,W,Sleep stage W
SC4001,27300.0,30,W,Sleep stage W
SC4001,27330.0,30,W,Sleep stage W
SC4001,27360.0,30,W,Sleep stage W
SC4001,27390.0,30,W,Sleep stage W
SC4001,27420.0,30,W,Sleep stage W
SC4001,27450.0,30,W,Sleep stage W
SC4001,27480.0,30,W,Sleep stage W
SC4001,27510.0,30,W,Sleep stage W
SC4001,27540.0,30,W,Sleep stage W
SC4001,27570.0,30,W,Sleep stage W
SC4001,27600.0,30,W,Sleep stage W
SC4001,27630.0,30,W,Sleep stage W
SC4001,27660.0,30,W,Sleep stage W
SC4001,27690.0,30,W,Sleep stage W
SC4001,27720.0,30,W,Sleep stage W
SC4001,27750.0,30,W,Sleep stage W
SC4001,27780.0,30,W,Sleep stage W
SC4001,27810.0,30,W,Sleep stage W
SC4001,27840.0,30,W,Sleep stage W
SC4001,27870.0,30,W,Sleep stage W
SC4001,27900.0,30,W,Sleep stage W
SC4001,27930.0,30,W,Sleep stage W
SC4001,27960.0,30,W,Sleep stage W
SC4001,27990.0,30,W,Sleep stage W
SC4001,28020.0,30,W,Sleep stage W
SC4001,28050.0,30,W,Sleep stage W
SC4001,28080.0,30,W,Sleep stage W
SC4001,28110.0,30,W,Sleep stage W
SC4001,28140.0,30,W,Sleep stage W
SC4001,28170.0,30,W,Sleep stage W
SC4001,28200.0,30,W,Sleep stage W
SC4001,28230.0,30,W,Sleep stage W
SC4001,28260.0,30,W,Sleep stage W
SC4001,28290.0,30,W,Sleep stage W
SC4001,28320.0,30,W,Sleep stage W
SC4001,28350.0,30,W,Sleep stage W
SC4001,28380.0,30,W,Sleep stage W
SC4001,28410.0,30,W,Sleep stage W
SC4001,28440.0,30,W,Sleep stage W
SC4001,28470.0,30,W,Sleep stage W
SC4001,28500.0,30,W,Sleep stage W
SC4001,28530.0,30,W,Sleep stage W
SC4001,28560.0,30,W,Sleep stage W
SC4001,28590.0,30,W,Sleep stage W
SC4001,28620.0,30,W,Sleep stage W
SC4001,28650.0,30,W,Sleep stage W
SC4001,28680.0,30,W,Sleep stage W
SC4001,28710.0,30,W,Sleep stage W
SC4001,28740.0,30,W,Sleep stage W
SC4001,28770.0,30,W,Sleep stage W
SC4001,28800.0,30,W,Sleep stage W
SC4001,28830.0,30,W,Sleep stage W
SC4001,28860.0,30,W,Sleep stage W
SC4001,28890.0,30,W,Sleep stage W
SC4001,28920.0,30,W,Sleep stage W
SC4001,28950.0,30,W,Sleep stage W
SC4001,28980.0,30,W,Sleep stage W
SC4001,29010.0,30,W,Sleep stage W
SC4001,29040.0,30,W,Sleep stage W
SC4001,29070.0,30,W,Sleep stage W
SC4001,29100.0,30,W,Sleep stage W
SC4001,29130.0,30,W,Sleep stage W
SC4001,29160.0,30,W,Sleep stage W
SC4001,29190.0,30,W,Sleep stage W
SC4001,29220.0,30,W,Sleep stage W
SC4001,29250.0,30,W,Sleep stage W
SC4001,29280.0,30,W,Sleep stage W
SC4001,29310.0,30,W,Sleep stage W
SC4001,29340.0,30,W,Sleep stage W
SC4001,29370.0,30,W,Sleep stage W
SC4001,29400.0,30,W,Sleep stage W
SC4001,29430.0,30,W,Sleep stage W
SC4001,29460.0,30,W,Sleep stage W
SC4001,29490.0,30,W,Sleep stage W
SC4001,29520.0,30,W,Sleep stage W
SC4001,29550.0,30,W,Sleep stage W
SC4001,29580.0,30,W,Sleep stage W
SC4001,29610.0,30,W,Sleep stage W
SC4001,29640.0,30,W,Sleep stage W
SC4001,29670.0,30,W,Sleep stage W
SC4001,29700.0,30,W,Sleep stage W
SC4001,29730.0,30,W,Sleep stage W
SC4001,29760.0,30,W,Sleep stage W
SC4001,29790.0,30,W,Sleep stage W
SC4001,29820.0,30,W,Sleep stage W
SC4001,29850.0,30,W,Sleep stage W
SC4001,29880.0,30,W,Sleep stage W
SC4001,29910.0,30,W,Sleep stage W
SC4001,29940.0,30,W,Sleep stage W
SC4001,29970.0,30,W,Sleep stage W
SC4001,30000.0,30,W,Sleep stage W
SC4001,30030.0,30,W,Sleep stage W
SC4001,30060.0,30,W,Sleep stage W
SC4001,30090.0,30,W,Sleep stage W
SC4001,30120.0,30,W,Sleep stage W
SC4001,30150.0,30,W,Sleep stage W
SC4001,30180.0,30,W,Sleep stage W
SC4001,30210.0,30,W,Sleep stage W
SC4001,30240.0,30,W,Sleep stage W
SC4001,30270.0,30,W,Sleep stage W
SC4001,30300.0,30,W,Sleep stage W
SC4001,30330.0,30,W,Sleep stage W
SC4001,30360.0,30,W,Sleep stage W
SC4001,30390.0,30,W,Sleep stage W
SC4001,30420.0,30,W,Sleep stage W
SC4001,30450.0,30,W,Sleep stage W
SC4001,30480.0,30,W,Sleep stage W
SC4001,30510.0,30,W,Sleep stage W
SC4001,30540.0,30,W,Sleep stage W
SC4001,30570.0,30,W,Sleep stage W
SC4001,30600.0,30,W,Sleep stage W
SC4001,30630.0,30,N1,Sleep stage 1
SC4001,30660.0,30,N1,Sleep stage 1
SC4001,30690.0,30,N1,Sleep stage 1
SC4001,30720.0,30,N1,Sleep stage 1
SC4001,30750.0,30,N2,Sleep stage 2
SC4001,30780.0,30,N2,Sleep stage 2
SC4001,30810.0,30,N2,Sleep stage 2
SC4001,30840.0,30,N2,Sleep stage 2
SC4001,30870.0,30,N2,Sleep stage 2
SC4001,30900.0,30,N2,Sleep stage 2
SC4001,30930.0,30,N2,Sleep stage 2
SC4001,30960.0,30,N2,Sleep stage 2
SC4001,30990.0,30,N2,Sleep stage 2
SC4001,31020.0,30,N2,Sleep stage 2
SC4001,31050.0,30,N2,Sleep stage 2
SC4001,31080.0,30,N2,Sleep stage 2
SC4001,31110.0,30,N2,Sleep stage 2
SC4001,31140.0,30,N3,Sleep stage 3
SC4001,31170.0,30,N2,Sleep stage 2
SC4001,31200.0,30,N3,Sleep stage 3
SC4001,31230.0,30,N3,Sleep stage 3
SC4001,31260.0,30,N3,Sleep stage 3
SC4001,31290.0,30,N3,Sleep stage 3
SC4001,31320.0,30,N3,Sleep stage 3
SC4001,31350.0,30,N3,Sleep stage 4
SC4001,31380.0,30,N3,Sleep stage 3
SC4001,31410.0,30,N3,Sleep stage 3
SC4001,31440.0,30,N3,Sleep stage 4
SC4001,31470.0,30,N3,Sleep stage 4
SC4001,31500.0,30,N3,Sleep stage 3
SC4001,31530.0,30,N3,Sleep stage 4
SC4001,31560.0,30,N3,Sleep stage 4
SC4001,31590.0,30,N3,Sleep stage 4
SC4001,31620.0,30,N3,Sleep stage 4
SC4001,31650.0,30,N3,Sleep stage 3
SC4001,31680.0,30,N3,Sleep stage 4
SC4001,31710.0,30,N3,Sleep stage 4
SC4001,31740.0,30,N3,Sleep stage 4
SC4001,31770.0,30,N3,Sleep stage 4
SC4001,31800.0,30,W,Sleep stage W
SC4001,31830.0,30,N3,Sleep stage 3
SC4001,31860.0,30,N3,Sleep stage 3
SC4001,31890.0,30,N2,Sleep stage 2
SC4001,31920.0,30,N2,Sleep stage 2
SC4001,31950.0,30,N3,Sleep stage 3
SC4001,31980.0,30,N3,Sleep stage 3
SC4001,32010.0,30,N3,Sleep stage 3
SC4001,32040.0,30,N3,Sleep stage 3
SC4001,32070.0,30,N3,Sleep stage 4
SC4001,32100.0,30,N3,Sleep stage 3
SC4001,32130.0,30,N3,Sleep stage 4
SC4001,32160.0,30,N3,Sleep stage 4
SC4001,32190.0,30,N3,Sleep stage 4
SC4001,32220.0,30,N3,Sleep stage 4
SC4001,32250.0,30,N2,Sleep stage 2
SC4001,32280.0,30,N2,Sleep stage 2
SC4001,32310.0,30,N2,Sleep stage 2
SC4001,32340.0,30,N2,Sleep stage 2
SC4001,32370.0,30,N2,Sleep stage 2
SC4001,32400.0,30,N2,Sleep stage 2
SC4001,32430.0,30,N2,Sleep stage 2
SC4001,32460.0,30,N3,Sleep stage 3
SC4001,32490.0,30,N2,Sleep stage 2
SC4001,32520.0,30,N2,Sleep stage 2
SC4001,32550.0,30,N3,Sleep stage 3
SC4001,32580.0,30,N3,Sleep stage 3
SC4001,32610.0,30,N3,Sleep stage 3
SC4001,32640.0,30,N3,Sleep stage 3
SC4001,32670.0,30,N1,Sleep stage 1
SC4001,32700.0,30,N2,Sleep stage 2
SC4001,32730.0,30,N2,Sleep stage 2
SC4001,32760.0,30,N2,Sleep stage 2
SC4001,32790.0,30,N2,Sleep stage 2
SC4001,32820.0,30,N2,Sleep stage 2
SC4001,32850.0,30,N3,Sleep stage 3
SC4001,32880.0,30,N3,Sleep stage 3
SC4001,32910.0,30,N2,Sleep stage 2
SC4001,32940.0,30,N3,Sleep stage 3
SC4001,32970.0,30,N2,Sleep stage 2
SC4001,33000.0,30,N3,Sleep stage 3
SC4001,33030.0,30,N3,Sleep stage 3
SC4001,33060.0,30,N3,Sleep stage 3
SC4001,33090.0,30,N3,Sleep stage 3
SC4001,33120.0,30,N3,Sleep stage 4
SC4001,33150.0,30,N3,Sleep stage 4
SC4001,33180.0,30,N3,Sleep stage 4
SC4001,33210.0,30,N3,Sleep stage 4
SC4001,33240.0,30,N3,Sleep stage 4
SC4001,33270.0,30,N3,Sleep stage 3
SC4001,33300.0,30,N2,Sleep stage 2
SC4001,33330.0,30,N3,Sleep stage 3
SC4001,33360.0,30,N3,Sleep stage 3
SC4001,33390.0,30,N3,Sleep stage 4
SC4001,33420.0,30,N3,Sleep stage 3
SC4001,33450.0,30,N3,Sleep stage 3
SC4001,33480.0,30,N3,Sleep stage 3
SC4001,33510.0,30,N3,Sleep stage 4
SC4001,33540.0,30,N3,Sleep stage 4
SC4001,33570.0,30,N3,Sleep stage 4
SC4001,33600.0,30,N3,Sleep stage 4
SC4001,33630.0,30,N3,Sleep stage 4
SC4001,33660.0,30,N3,Sleep stage 4
SC4001,33690.0,30,N3,Sleep stage 4
SC4001,33720.0,30,N3,Sleep stage 4
SC4001,33750.0,30,N3,Sleep stage 4
SC4001,33780.0,30,N3,Sleep stage 4
SC4001,33810.0,30,N3,Sleep stage 4
SC4001,33840.0,30,N3,Sleep stage 4
SC4001,33870.0,30,N3,Sleep stage 4
SC4001,33900.0,30,N3,Sleep stage 4
SC4001,33930.0,30,N3,Sleep stage 4
SC4001,33960.0,30,N3,Sleep stage 4
SC4001,33990.0,30,N3,Sleep stage 4
SC4001,34020.0,30,N3,Sleep stage 4
SC4001,34050.0,30,N3,Sleep stage 4
SC4001,34080.0,30,N3,Sleep stage 4
SC4001,34110.0,30,N3,Sleep stage 4
SC4001,34140.0,30,N3,Sleep stage 4
SC4001,34170.0,30,N3,Sleep stage 4
SC4001,34200.0,30,N3,Sleep stage 4
SC4001,34230.0,30,N3,Sleep stage 4
SC4001,34260.0,30,N3,Sleep stage 4
SC4001,34290.0,30,N3,Sleep stage 4
SC4001,34320.0,30,N3,Sleep stage 4
SC4001,34350.0,30,N3,Sleep stage 4
SC4001,34380.0,30,N3,Sleep stage 4
SC4001,34410.0,30,N3,Sleep stage 4
SC4001,34440.0,30,N3,Sleep stage 4
SC4001,34470.0,30,N3,Sleep stage 4
SC4001,34500.0,30,N3,Sleep stage 4
SC4001,34530.0,30,N3,Sleep stage 4
SC4001,34560.0,30,N3,Sleep stage 4
SC4001,34590.0,30,N3,Sleep stage 4
SC4001,34620.0,30,N3,Sleep stage 4
SC4001,34650.0,30,N3,Sleep stage 4
SC4001,34680.0,30,N3,Sleep stage 4
SC4001,34710.0,30,N3,Sleep stage 4
SC4001,34740.0,30,N3,Sleep stage 4
SC4001,34770.0,30,N3,Sleep stage 4
SC4001,34800.0,30,N3,Sleep stage 4
SC4001,34830.0,30,N3,Sleep stage 4
SC4001,34860.0,30,N3,Sleep stage 4
SC4001,34890.0,30,N3,Sleep stage 4
SC4001,34920.0,30,N3,Sleep stage 4
SC4001,34950.0,30,N3,Sleep stage 4
SC4001,34980.0,30,N3,Sleep stage 4
SC4001,35010.0,30,N3,Sleep stage 4
SC4001,35040.0,30,N3,Sleep stage 4
SC4001,35070.0,30,N3,Sleep stage 4
SC4001,35100.0,30,N3,Sleep stage 4
SC4001,35130.0,30,N3,Sleep stage 4
SC4001,35160.0,30,N3,Sleep stage 4
SC4001,35190.0,30,N3,Sleep stage 4
SC4001,35220.0,30,N3,Sleep stage 4
SC4001,35250.0,30,N3,Sleep stage 4
SC4001,35280.0,30,N3,Sleep stage 4
SC4001,35310.0,30,N3,Sleep stage 4
SC4001,35340.0,30,N3,Sleep stage 4
SC4001,35370.0,30,N3,Sleep stage 4
SC4001,35400.0,30,N1,Sleep stage 1
SC4001,35430.0,30,N3,Sleep stage 3
SC4001,35460.0,30,N3,Sleep stage 3
SC4001,35490.0,30,N3,Sleep stage 3
SC4001,35520.0,30,N3,Sleep stage 3
SC4001,35550.0,30,N3,Sleep stage 3
SC4001,35580.0,30,N3,Sleep stage 3
SC4001,35610.0,30,N3,Sleep stage 3
SC4001,35640.0,30,N2,Sleep stage 2
SC4001,35670.0,30,N2,Sleep stage 2
SC4001,35700.0,30,N3,Sleep stage 3
SC4001,35730.0,30,N3,Sleep stage 3
SC4001,35760.0,30,N3,Sleep stage 3
SC4001,35790.0,30,N2,Sleep stage 2
SC4001,35820.0,30,N2,Sleep stage 2
SC4001,35850.0,30,N2,Sleep stage 2
SC4001,35880.0,30,N2,Sleep stage 2
SC4001,35910.0,30,N2,Sleep stage 2
SC4001,35940.0,30,N3,Sleep stage 3
SC4001,35970.0,30,REM,Sleep stage R
SC4001,36000.0,30,REM,Sleep stage R
SC4001,36030.0,30,REM,Sleep stage R
SC4001,36060.0,30,REM,Sleep stage R
SC4001,36090.0,30,REM,Sleep stage R
SC4001,36120.0,30,REM,Sleep stage R
SC4001,36150.0,30,REM,Sleep stage R
SC4001,36180.0,30,REM,Sleep stage R
SC4001,36210.0,30,REM,Sleep stage R
SC4001,36240.0,30,REM,Sleep stage R
SC4001,36270.0,30,REM,Sleep stage R
SC4001,36300.0,30,REM,Sleep stage R
SC4001,36330.0,30,REM,Sleep stage R
SC4001,36360.0,30,REM,Sleep stage R
SC4001,36390.0,30,REM,Sleep stage R
SC4001,36420.0,30,REM,Sleep stage R
SC4001,36450.0,30,REM,Sleep stage R
SC4001,36480.0,30,REM,Sleep stage R
SC4001,36510.0,30,REM,Sleep stage R
SC4001,36540.0,30,REM,Sleep stage R
SC4001,36570.0,30,REM,Sleep stage R
SC4001,36600.0,30,REM,Sleep stage R
SC4001,36630.0,30,REM,Sleep stage R
SC4001,36660.0,30,REM,Sleep stage R
SC4001,36690.0,30,REM,Sleep stage R
SC4001,36720.0,30,REM,Sleep stage R
SC4001,36750.0,30,REM,Sleep stage R
SC4001,36780.0,30,REM,Sleep stage R
SC4001,36810.0,30,REM,Sleep stage R
SC4001,36840.0,30,N1,Sleep stage 1
SC4001,36870.0,30,N1,Sleep stage 1
SC4001,36900.0,30,N1,Sleep stage 1
SC4001,36930.0,30,N1,Sleep stage 1
SC4001,36960.0,30,N1,Sleep stage 1
SC4001,36990.0,30,N1,Sleep stage 1
SC4001,37020.0,30,N2,Sleep stage 2
SC4001,37050.0,30,N2,Sleep stage 2
SC4001,37080.0,30,N2,Sleep stage 2
SC4001,37110.0,30,N2,Sleep stage 2
SC4001,37140.0,30,N2,Sleep stage 2
SC4001,37170.0,30,N2,Sleep stage 2
SC4001,37200.0,30,N2,Sleep stage 2
SC4001,37230.0,30,N2,Sleep stage 2
SC4001,37260.0,30,N3,Sleep stage 3
SC4001,37290.0,30,N1,Sleep stage 1
SC4001,37320.0,30,N1,Sleep stage 1
SC4001,37350.0,30,N1,Sleep stage 1
SC4001,37380.0,30,N1,Sleep stage 1
SC4001,37410.0,30,N2,Sleep stage 2
SC4001,37440.0,30,N2,Sleep stage 2
SC4001,37470.0,30,N2,Sleep stage 2
SC4001,37500.0,30,N1,Sleep stage 1
SC4001,37530.0,30,N2,Sleep stage 2
SC4001,37560.0,30,N2,Sleep stage 2
SC4001,37590.0,30,N2,Sleep stage 2
SC4001,37620.0,30,N2,Sleep stage 2
SC4001,37650.0,30,N2,Sleep stage 2
SC4001,37680.0,30,N2,Sleep stage 2
SC4001,37710.0,30,N2,Sleep stage 2
SC4001,37740.0,30,N2,Sleep stage 2
SC4001,37770.0,30,N2,Sleep stage 2
SC4001,37800.0,30,N2,Sleep stage 2
SC4001,37830.0,30,N2,Sleep stage 2
SC4001,37860.0,30,N2,Sleep stage 2
SC4001,37890.0,30,N2,Sleep stage 2
SC4001,37920.0,30,N2,Sleep stage 2
SC4001,37950.0,30,N2,Sleep stage 2
SC4001,37980.0,30,N2,Sleep stage 2
SC4001,38010.0,30,N2,Sleep stage 2
SC4001,38040.0,30,N2,Sleep stage 2
SC4001,38070.0,30,N2,Sleep stage 2
SC4001,38100.0,30,N2,Sleep stage 2
SC4001,38130.0,30,N2,Sleep stage 2
SC4001,38160.0,30,N2,Sleep stage 2
SC4001,38190.0,30,N2,Sleep stage 2
SC4001,38220.0,30,N2,Sleep stage 2
SC4001,38250.0,30,N2,Sleep stage 2
SC4001,38280.0,30,N2,Sleep stage 2
SC4001,38310.0,30,N2,Sleep stage 2
SC4001,38340.0,30,N2,Sleep stage 2
SC4001,38370.0,30,N2,Sleep stage 2
SC4001,38400.0,30,N2,Sleep stage 2
SC4001,38430.0,30,N2,Sleep stage 2
SC4001,38460.0,30,N3,Sleep stage 3
SC4001,38490.0,30,N2,Sleep stage 2
SC4001,38520.0,30,N3,Sleep stage 3
SC4001,38550.0,30,N3,Sleep stage 3
SC4001,38580.0,30,N3,Sleep stage 4
SC4001,38610.0,30,N3,Sleep stage 3
SC4001,38640.0,30,N3,Sleep stage 4
SC4001,38670.0,30,N3,Sleep stage 3
SC4001,38700.0,30,N3,Sleep stage 4
SC4001,38730.0,30,N3,Sleep stage 3
SC4001,38760.0,30,N2,Sleep stage 2
SC4001,38790.0,30,N2,Sleep stage 2
SC4001,38820.0,30,N2,Sleep stage 2
SC4001,38850.0,30,N2,Sleep stage 2
SC4001,38880.0,30,N2,Sleep stage 2
SC4001,38910.0,30,N3,Sleep stage 3
SC4001,38940.0,30,N3,Sleep stage 3
SC4001,38970.0,30,N3,Sleep stage 4
SC4001,39000.0,30,N3,Sleep stage 4
SC4001,39030.0,30,N3,Sleep stage 4
SC4001,39060.0,30,N3,Sleep stage 3
SC4001,39090.0,30,N3,Sleep stage 3
SC4001,39120.0,30,N3,Sleep stage 4
SC4001,39150.0,30,N3,Sleep stage 3
SC4001,39180.0,30,N3,Sleep stage 4
SC4001,39210.0,30,N3,Sleep stage 4
SC4001,39240.0,30,N3,Sleep stage 3
SC4001,39270.0,30,N3,Sleep stage 3
SC4001,39300.0,30,N3,Sleep stage 4
SC4001,39330.0,30,N3,Sleep stage 4
SC4001,39360.0,30,N3,Sleep stage 4
SC4001,39390.0,30,N3,Sleep stage 4
SC4001,39420.0,30,N3,Sleep stage 4
SC4001,39450.0,30,N3,Sleep stage 4
SC4001,39480.0,30,N3,Sleep stage 3
SC4001,39510.0,30,N3,Sleep stage 3
SC4001,39540.0,30,N3,Sleep stage 4
SC4001,39570.0,30,N3,Sleep stage 3
SC4001,39600.0,30,N3,Sleep stage 4
SC4001,39630.0,30,N3,Sleep stage 4
SC4001,39660.0,30,N3,Sleep stage 4
SC4001,39690.0,30,N3,Sleep stage 4
SC4001,39720.0,30,N3,Sleep stage 4
SC4001,39750.0,30,N3,Sleep stage 4
SC4001,39780.0,30,N3,Sleep stage 4
SC4001,39810.0,30,N3,Sleep stage 4
SC4001,39840.0,30,N3,Sleep stage 4
SC4001,39870.0,30,N1,Sleep stage 1
SC4001,39900.0,30,N2,Sleep stage 2
SC4001,39930.0,30,N2,Sleep stage 2
SC4001,39960.0,30,N1,Sleep stage 1
SC4001,39990.0,30,N2,Sleep stage 2
SC4001,40020.0,30,N2,Sleep stage 2
SC4001,40050.0,30,N2,Sleep stage 2
SC4001,40080.0,30,N2,Sleep stage 2
SC4001,40110.0,30,N2,Sleep stage 2
SC4001,40140.0,30,N2,Sleep stage 2
SC4001,40170.0,30,N2,Sleep stage 2
SC4001,40200.0,30,N1,Sleep stage 1
SC4001,40230.0,30,N2,Sleep stage 2
SC4001,40260.0,30,N2,Sleep stage 2
SC4001,40290.0,30,N1,Sleep stage 1
SC4001,40320.0,30,N2,Sleep stage 2
SC4001,40350.0,30,N2,Sleep stage 2
SC4001,40380.0,30,N2,Sleep stage 2
SC4001,40410.0,30,N2,Sleep stage 2
SC4001,40440.0,30,N2,Sleep stage 2
SC4001,40470.0,30,N2,Sleep stage 2
SC4001,40500.0,30,REM,Sleep stage R
SC4001,40530.0,30,REM,Sleep stage R
SC4001,40560.0,30,REM,Sleep stage R
SC4001,40590.0,30,REM,Sleep stage R
SC4001,40620.0,30,REM,Sleep stage R
SC4001,40650.0,30,REM,Sleep stage R
SC4001,40680.0,30,REM,Sleep stage R
SC4001,40710.0,30,REM,Sleep stage R
SC4001,40740.0,30,REM,Sleep stage R
SC4001,40770.0,30,REM,Sleep stage R
SC4001,40800.0,30,REM,Sleep stage R
SC4001,40830.0,30,REM,Sleep stage R
SC4001,40860.0,30,REM,Sleep stage R
SC4001,40890.0,30,REM,Sleep stage R
SC4001,40920.0,30,REM,Sleep stage R
SC4001,40950.0,30,REM,Sleep stage R
SC4001,40980.0,30,REM,Sleep stage R
SC4001,41010.0,30,REM,Sleep stage R
SC4001,41040.0,30,REM,Sleep stage R
SC4001,41070.0,30,REM,Sleep stage R
SC4001,41100.0,30,REM,Sleep stage R
SC4001,41130.0,30,REM,Sleep stage R
SC4001,41160.0,30,REM,Sleep stage R
SC4001,41190.0,30,REM,Sleep stage R
SC4001,41220.0,30,REM,Sleep stage R
SC4001,41250.0,30,REM,Sleep stage R
SC4001,41280.0,30,REM,Sleep stage R
SC4001,41310.0,30,REM,Sleep stage R
SC4001,41340.0,30,REM,Sleep stage R
SC4001,41370.0,30,N2,Sleep stage 2
SC4001,41400.0,30,N1,Sleep stage 1
SC4001,41430.0,30,N1,Sleep stage 1
SC4001,41460.0,30,W,Sleep stage W
SC4001,41490.0,30,N1,Sleep stage 1
SC4001,41520.0,30,N1,Sleep stage 1
SC4001,41550.0,30,N1,Sleep stage 1
SC4001,41580.0,30,N1,Sleep stage 1
SC4001,41610.0,30,N2,Sleep stage 2
SC4001,41640.0,30,N2,Sleep stage 2
SC4001,41670.0,30,N2,Sleep stage 2
SC4001,41700.0,30,N2,Sleep stage 2
SC4001,41730.0,30,N2,Sleep stage 2
SC4001,41760.0,30,N2,Sleep stage 2
SC4001,41790.0,30,N2,Sleep stage 2
SC4001,41820.0,30,N2,Sleep stage 2
SC4001,41850.0,30,N2,Sleep stage 2
SC4001,41880.0,30,N2,Sleep stage 2
SC4001,41910.0,30,N2,Sleep stage 2
SC4001,41940.0,30,N2,Sleep stage 2
SC4001,41970.0,30,N2,Sleep stage 2
SC4001,42000.0,30,N2,Sleep stage 2
SC4001,42030.0,30,N2,Sleep stage 2
SC4001,42060.0,30,N2,Sleep stage 2
SC4001,42090.0,30,N2,Sleep stage 2
SC4001,42120.0,30,N2,Sleep stage 2
SC4001,42150.0,30,N2,Sleep stage 2
SC4001,42180.0,30,N2,Sleep stage 2
SC4001,42210.0,30,N2,Sleep stage 2
SC4001,42240.0,30,N2,Sleep stage 2
SC4001,42270.0,30,N2,Sleep stage 2
SC4001,42300.0,30,N2,Sleep stage 2
SC4001,42330.0,30,N2,Sleep stage 2
SC4001,42360.0,30,N2,Sleep stage 2
SC4001,42390.0,30,N2,Sleep stage 2
SC4001,42420.0,30,N2,Sleep stage 2
SC4001,42450.0,30,N2,Sleep stage 2
SC4001,42480.0,30,N1,Sleep stage 1
SC4001,42510.0,30,N2,Sleep stage 2
SC4001,42540.0,30,N1,Sleep stage 1
SC4001,42570.0,30,N2,Sleep stage 2
SC4001,42600.0,30,N2,Sleep stage 2
SC4001,42630.0,30,N2,Sleep stage 2
SC4001,42660.0,30,N2,Sleep stage 2
SC4001,42690.0,30,N2,Sleep stage 2
SC4001,42720.0,30,N2,Sleep stage 2
SC4001,42750.0,30,N2,Sleep stage 2
SC4001,42780.0,30,N2,Sleep stage 2
SC4001,42810.0,30,N2,Sleep stage 2
SC4001,42840.0,30,N2,Sleep stage 2
SC4001,42870.0,30,N3,Sleep stage 3
SC4001,42900.0,30,N2,Sleep stage 2
SC4001,42930.0,30,N2,Sleep stage 2
SC4001,42960.0,30,N2,Sleep stage 2
SC4001,42990.0,30,N2,Sleep stage 2
SC4001,43020.0,30,N2,Sleep stage 2
SC4001,43050.0,30,N2,Sleep stage 2
SC4001,43080.0,30,N2,Sleep stage 2
SC4001,43110.0,30,N2,Sleep stage 2
SC4001,43140.0,30,N2,Sleep stage 2
SC4001,43170.0,30,N2,Sleep stage 2
SC4001,43200.0,30,N2,Sleep stage 2
SC4001,43230.0,30,N2,Sleep stage 2
SC4001,43260.0,30,N2,Sleep stage 2
SC4001,43290.0,30,N3,Sleep stage 3
SC4001,43320.0,30,N2,Sleep stage 2
SC4001,43350.0,30,N3,Sleep stage 3
SC4001,43380.0,30,N2,Sleep stage 2
SC4001,43410.0,30,N3,Sleep stage 3
SC4001,43440.0,30,N3,Sleep stage 3
SC4001,43470.0,30,N3,Sleep stage 3
SC4001,43500.0,30,N3,Sleep stage 3
SC4001,43530.0,30,N3,Sleep stage 3
SC4001,43560.0,30,N3,Sleep stage 3
SC4001,43590.0,30,N3,Sleep stage 4
SC4001,43620.0,30,N3,Sleep stage 4
SC4001,43650.0,30,N3,Sleep stage 4
SC4001,43680.0,30,N3,Sleep stage 3
SC4001,43710.0,30,N2,Sleep stage 2
SC4001,43740.0,30,N2,Sleep stage 2
SC4001,43770.0,30,N2,Sleep stage 2
SC4001,43800.0,30,N2,Sleep stage 2
SC4001,43830.0,30,N2,Sleep stage 2
SC4001,43860.0,30,N2,Sleep stage 2
SC4001,43890.0,30,N2,Sleep stage 2
SC4001,43920.0,30,N3,Sleep stage 3
SC4001,43950.0,30,N3,Sleep stage 3
SC4001,43980.0,30,N2,Sleep stage 2
SC4001,44010.0,30,N3,Sleep stage 4
SC4001,44040.0,30,N3,Sleep stage 3
SC4001,44070.0,30,N3,Sleep stage 3
SC4001,44100.0,30,N3,Sleep stage 3
SC4001,44130.0,30,N3,Sleep stage 3
SC4001,44160.0,30,N3,Sleep stage 3
SC4001,44190.0,30,N3,Sleep stage 3
SC4001,44220.0,30,N3,Sleep stage 4
SC4001,44250.0,30,N3,Sleep stage 4
SC4001,44280.0,30,N3,Sleep stage 3
SC4001,44310.0,30,N3,Sleep stage 3
SC4001,44340.0,30,N3,Sleep stage 4
SC4001,44370.0,30,N3,Sleep stage 4
SC4001,44400.0,30,N3,Sleep stage 3
SC4001,44430.0,30,N3,Sleep stage 3
SC4001,44460.0,30,N3,Sleep stage 3
SC4001,44490.0,30,N3,Sleep stage 3
SC4001,44520.0,30,N2,Sleep stage 2
SC4001,44550.0,30,N2,Sleep stage 2
SC4001,44580.0,30,N2,Sleep stage 2
SC4001,44610.0,30,N2,Sleep stage 2
SC4001,44640.0,30,N3,Sleep stage 3
SC4001,44670.0,30,N3,Sleep stage 4
SC4001,44700.0,30,N2,Sleep stage 2
SC4001,44730.0,30,REM,Sleep stage R
SC4001,44760.0,30,REM,Sleep stage R
SC4001,44790.0,30,REM,Sleep stage R
SC4001,44820.0,30,REM,Sleep stage R
SC4001,44850.0,30,REM,Sleep stage R
SC4001,44880.0,30,REM,Sleep stage R
SC4001,44910.0,30,REM,Sleep stage R
SC4001,44940.0,30,REM,Sleep stage R
SC4001,44970.0,30,N1,Sleep stage 1
SC4001,45000.0,30,REM,Sleep stage R
SC4001,45030.0,30,REM,Sleep stage R
SC4001,45060.0,30,REM,Sleep stage R
SC4001,45090.0,30,REM,Sleep stage R
SC4001,45120.0,30,REM,Sleep stage R
SC4001,45150.0,30,REM,Sleep stage R
SC4001,45180.0,30,REM,Sleep stage R
SC4001,45210.0,30,REM,Sleep stage R
SC4001,45240.0,30,REM,Sleep stage R
SC4001,45270.0,30,REM,Sleep stage R
SC4001,45300.0,30,REM,Sleep stage R
SC4001,45330.0,30,REM,Sleep stage R
SC4001,45360.0,30,REM,Sleep stage R
SC4001,45390.0,30,REM,Sleep stage R
SC4001,45420.0,30,REM,Sleep stage R
SC4001,45450.0,30,REM,Sleep stage R
SC4001,45480.0,30,REM,Sleep stage R
SC4001,45510.0,30,W,Sleep stage W
SC4001,45540.0,30,N1,Sleep stage 1
SC4001,45570.0,30,N1,Sleep stage 1
SC4001,45600.0,30,N1,Sleep stage 1
SC4001,45630.0,30,N1,Sleep stage 1
SC4001,45660.0,30,W,Sleep stage W
SC4001,45690.0,30,W,Sleep stage W
SC4001,45720.0,30,W,Sleep stage W
SC4001,45750.0,30,W,Sleep stage W
SC4001,45780.0,30,W,Sleep stage W
SC4001,45810.0,30,W,Sleep stage W
SC4001,45840.0,30,W,Sleep stage W
SC4001,45870.0,30,W,Sleep stage W
SC4001,45900.0,30,W,Sleep stage W
SC4001,45930.0,30,W,Sleep stage W
SC4001,45960.0,30,W,Sleep stage W
SC4001,45990.0,30,W,Sleep stage W
SC4001,46020.0,30,W,Sleep stage W
SC4001,46050.0,30,W,Sleep stage W
SC4001,46080.0,30,W,Sleep stage W
SC4001,46110.0,30,W,Sleep stage W
SC4001,46140.0,30,N1,Sleep stage 1
SC4001,46170.0,30,N1,Sleep stage 1
SC4001,46200.0,30,N1,Sleep stage 1
SC4001,46230.0,30,W,Sleep stage W
SC4001,46260.0,30,N1,Sleep stage 1
SC4001,46290.0,30,N1,Sleep stage 1
SC4001,46320.0,30,N1,Sleep stage 1
SC4001,46350.0,30,N1,Sleep stage 1
SC4001,46380.0,30,N2,Sleep stage 2
SC4001,46410.0,30,N2,Sleep stage 2
SC4001,46440.0,30,N2,Sleep stage 2
SC4001,46470.0,30,N2,Sleep stage 2
SC4001,46500.0,30,N2,Sleep stage 2
SC4001,46530.0,30,N2,Sleep stage 2
SC4001,46560.0,30,N2,Sleep stage 2
SC4001,46590.0,30,N2,Sleep stage 2
SC4001,46620.0,30,N2,Sleep stage 2
SC4001,46650.0,30,N2,Sleep stage 2
SC4001,46680.0,30,N2,Sleep stage 2
SC4001,46710.0,30,N2,Sleep stage 2
SC4001,46740.0,30,N2,Sleep stage 2
SC4001,46770.0,30,N2,Sleep stage 2
SC4001,46800.0,30,N2,Sleep stage 2
SC4001,46830.0,30,N2,Sleep stage 2
SC4001,46860.0,30,N2,Sleep stage 2
SC4001,46890.0,30,N2,Sleep stage 2
SC4001,46920.0,30,N2,Sleep stage 2
SC4001,46950.0,30,N2,Sleep stage 2
SC4001,46980.0,30,N2,Sleep stage 2
SC4001,47010.0,30,N2,Sleep stage 2
SC4001,47040.0,30,N2,Sleep stage 2
SC4001,47070.0,30,W,Sleep stage W
SC4001,47100.0,30,W,Sleep stage W
SC4001,47130.0,30,N1,Sleep stage 1
SC4001,47160.0,30,N2,Sleep stage 2
SC4001,47190.0,30,N2,Sleep stage 2
SC4001,47220.0,30,N2,Sleep stage 2
SC4001,47250.0,30,N2,Sleep stage 2
SC4001,47280.0,30,N2,Sleep stage 2
SC4001,47310.0,30,N2,Sleep stage 2
SC4001,47340.0,30,N2,Sleep stage 2
SC4001,47370.0,30,N2,Sleep stage 2
SC4001,47400.0,30,N2,Sleep stage 2
SC4001,47430.0,30,N2,Sleep stage 2
SC4001,47460.0,30,N2,Sleep stage 2
SC4001,47490.0,30,N2,Sleep stage 2
SC4001,47520.0,30,N2,Sleep stage 2
SC4001,47550.0,30,N2,Sleep stage 2
SC4001,47580.0,30,N2,Sleep stage 2
SC4001,47610.0,30,N2,Sleep stage 2
SC4001,47640.0,30,N2,Sleep stage 2
SC4001,47670.0,30,N2,Sleep stage 2
SC4001,47700.0,30,N2,Sleep stage 2
SC4001,47730.0,30,N2,Sleep stage 2
SC4001,47760.0,30,N2,Sleep stage 2
SC4001,47790.0,30,N2,Sleep stage 2
SC4001,47820.0,30,N2,Sleep stage 2
SC4001,47850.0,30,N2,Sleep stage 2
SC4001,47880.0,30,N2,Sleep stage 2
SC4001,47910.0,30,N2,Sleep stage 2
SC4001,47940.0,30,N2,Sleep stage 2
SC4001,47970.0,30,N2,Sleep stage 2
SC4001,48000.0,30,N2,Sleep stage 2
SC4001,48030.0,30,N2,Sleep stage 2
SC4001,48060.0,30,N2,Sleep stage 2
SC4001,48090.0,30,N2,Sleep stage 2
SC4001,48120.0,30,N2,Sleep stage 2
SC4001,48150.0,30,N3,Sleep stage 3
SC4001,48180.0,30,N2,Sleep stage 2
SC4001,48210.0,30,N3,Sleep stage 3
SC4001,48240.0,30,N3,Sleep stage 3
SC4001,48270.0,30,N3,Sleep stage 3
SC4001,48300.0,30,N2,Sleep stage 2
SC4001,48330.0,30,N2,Sleep stage 2
SC4001,48360.0,30,N2,Sleep stage 2
SC4001,48390.0,30,N2,Sleep stage 2
SC4001,48420.0,30,N3,Sleep stage 3
SC4001,48450.0,30,N3,Sleep stage 3
SC4001,48480.0,30,N2,Sleep stage 2
SC4001,48510.0,30,N2,Sleep stage 2
SC4001,48540.0,30,N3,Sleep stage 3
SC4001,48570.0,30,N2,Sleep stage 2
SC4001,48600.0,30,N3,Sleep stage 3
SC4001,48630.0,30,N2,Sleep stage 2
SC4001,48660.0,30,N3,Sleep stage 3
SC4001,48690.0,30,N3,Sleep stage 3
SC4001,48720.0,30,N3,Sleep stage 3
SC4001,48750.0,30,N3,Sleep stage 3
SC4001,48780.0,30,N2,Sleep stage 2
SC4001,48810.0,30,N2,Sleep stage 2
SC4001,48840.0,30,N2,Sleep stage 2
SC4001,48870.0,30,N2,Sleep stage 2
SC4001,48900.0,30,N2,Sleep stage 2
SC4001,48930.0,30,N2,Sleep stage 2
SC4001,48960.0,30,N2,Sleep stage 2
SC4001,48990.0,30,N3,Sleep stage 3
SC4001,49020.0,30,N2,Sleep stage 2
SC4001,49050.0,30,N2,Sleep stage 2
SC4001,49080.0,30,N2,Sleep stage 2
SC4001,49110.0,30,N2,Sleep stage 2
SC4001,49140.0,30,N1,Sleep stage 1
SC4001,49170.0,30,N1,Sleep stage 1
SC4001,49200.0,30,REM,Sleep stage R
SC4001,49230.0,30,REM,Sleep stage R
SC4001,49260.0,30,REM,Sleep stage R
SC4001,49290.0,30,REM,Sleep stage R
SC4001,49320.0,30,REM,Sleep stage R
SC4001,49350.0,30,REM,Sleep stage R
SC4001,49380.0,30,REM,Sleep stage R
SC4001,49410.0,30,REM,Sleep stage R
SC4001,49440.0,30,REM,Sleep stage R
SC4001,49470.0,30,REM,Sleep stage R
SC4001,49500.0,30,REM,Sleep stage R
SC4001,49530.0,30,REM,Sleep stage R
SC4001,49560.0,30,REM,Sleep stage R
SC4001,49590.0,30,REM,Sleep stage R
SC4001,49620.0,30,REM,Sleep stage R
SC4001,49650.0,30,REM,Sleep stage R
SC4001,49680.0,30,REM,Sleep stage R
SC4001,49710.0,30,REM,Sleep stage R
SC4001,49740.0,30,REM,Sleep stage R
SC4001,49770.0,30,REM,Sleep stage R
SC4001,49800.0,30,REM,Sleep stage R
SC4001,49830.0,30,REM,Sleep stage R
SC4001,49860.0,30,REM,Sleep stage R
SC4001,49890.0,30,REM,Sleep stage R
SC4001,49920.0,30,REM,Sleep stage R
SC4001,49950.0,30,REM,Sleep stage R
SC4001,49980.0,30,REM,Sleep stage R
SC4001,50010.0,30,REM,Sleep stage R
SC4001,50040.0,30,REM,Sleep stage R
SC4001,50070.0,30,REM,Sleep stage R
SC4001,50100.0,30,REM,Sleep stage R
SC4001,50130.0,30,REM,Sleep stage R
SC4001,50160.0,30,REM,Sleep stage R
SC4001,50190.0,30,W,Sleep stage W
SC4001,50220.0,30,N1,Sleep stage 1
SC4001,50250.0,30,N1,Sleep stage 1
SC4001,50280.0,30,N1,Sleep stage 1
SC4001,50310.0,30,N1,Sleep stage 1
SC4001,50340.0,30,N1,Sleep stage 1
SC4001,50370.0,30,REM,Sleep stage R
SC4001,50400.0,30,REM,Sleep stage R
SC4001,50430.0,30,REM,Sleep stage R
SC4001,50460.0,30,REM,Sleep stage R
SC4001,50490.0,30,REM,Sleep stage R
SC4001,50520.0,30,REM,Sleep stage R
SC4001,50550.0,30,REM,Sleep stage R
SC4001,50580.0,30,REM,Sleep stage R
SC4001,50610.0,30,REM,Sleep stage R
SC4001,50640.0,30,W,Sleep stage W
SC4001,50670.0,30,W,Sleep stage W
SC4001,50700.0,30,W,Sleep stage W
SC4001,50730.0,30,W,Sleep stage W
SC4001,50760.0,30,W,Sleep stage W
SC4001,50790.0,30,W,Sleep stage W
SC4001,50820.0,30,W,Sleep stage W
SC4001,50850.0,30,W,Sleep stage W
SC4001,50880.0,30,W,Sleep stage W
SC4001,50910.0,30,W,Sleep stage W
SC4001,50940.0,30,W,Sleep stage W
SC4001,50970.0,30,W,Sleep stage W
SC4001,51000.0,30,W,Sleep stage W
SC4001,51030.0,30,W,Sleep stage W
SC4001,51060.0,30,W,Sleep stage W
SC4001,51090.0,30,W,Sleep stage W
SC4001,51120.0,30,W,Sleep stage W
SC4001,51150.0,30,N1,Sleep stage 1
SC4001,51180.0,30,N1,Sleep stage 1
SC4001,51210.0,30,N1,Sleep stage 1
SC4001,51240.0,30,W,Sleep stage W
SC4001,51270.0,30,W,Sleep stage W
SC4001,51300.0,30,W,Sleep stage W
SC4001,51330.0,30,W,Sleep stage W
SC4001,51360.0,30,W,Sleep stage W
SC4001,51390.0,30,W,Sleep stage W
SC4001,51420.0,30,W,Sleep stage W
SC4001,51450.0,30,W,Sleep stage W
SC4001,51480.0,30,W,Sleep stage W
SC4001,51510.0,30,W,Sleep stage W
SC4001,51540.0,30,N1,Sleep stage 1
SC4001,51570.0,30,W,Sleep stage W
SC4001,51600.0,30,W,Sleep stage W
SC4001,51630.0,30,W,Sleep stage W
SC4001,51660.0,30,W,Sleep stage W
SC4001,51690.0,30,W,Sleep stage W
SC4001,51720.0,30,W,Sleep stage W
SC4001,51750.0,30,W,Sleep stage W
SC4001,51780.0,30,W,Sleep stage W
SC4001,51810.0,30,W,Sleep stage W
SC4001,51840.0,30,W,Sleep stage W
SC4001,51870.0,30,W,Sleep stage W
SC4001,51900.0,30,W,Sleep stage W
SC4001,51930.0,30,W,Sleep stage W
SC4001,51960.0,30,W,Sleep stage W
SC4001,51990.0,30,W,Sleep stage W
SC4001,52020.0,30,W,Sleep stage W
SC4001,52050.0,30,W,Sleep stage W
SC4001,52080.0,30,W,Sleep stage W
SC4001,52110.0,30,N1,Sleep stage 1
SC4001,52140.0,30,N1,Sleep stage 1
SC4001,52170.0,30,N1,Sleep stage 1
SC4001,52200.0,30,N1,Sleep stage 1
SC4001,52230.0,30,N1,Sleep stage 1
SC4001,52260.0,30,W,Sleep stage W
SC4001,52290.0,30,W,Sleep stage W
SC4001,52320.0,30,W,Sleep stage W
SC4001,52350.0,30,W,Sleep stage W
SC4001,52380.0,30,W,Sleep stage W
SC4001,52410.0,30,W,Sleep stage W
SC4001,52440.0,30,W,Sleep stage W
SC4001,52470.0,30,W,Sleep stage W
SC4001,52500.0,30,W,Sleep stage W
SC4001,52530.0,30,W,Sleep stage W
SC4001,52560.0,30,W,Sleep stage W
SC4001,52590.0,30,W,Sleep stage W
SC4001,52620.0,30,W,Sleep stage W
SC4001,52650.0,30,W,Sleep stage W
SC4001,52680.0,30,W,Sleep stage W
SC4001,52710.0,30,W,Sleep stage W
SC4001,52740.0,30,W,Sleep stage W
SC4001,52770.0,30,W,Sleep stage W
SC4001,52800.0,30,W,Sleep stage W
SC4001,52830.0,30,W,Sleep stage W
SC4001,52860.0,30,W,Sleep stage W
SC4001,52890.0,30,W,Sleep stage W
SC4001,52920.0,30,W,Sleep stage W
SC4001,52950.0,30,W,Sleep stage W
SC4001,52980.0,30,W,Sleep stage W
SC4001,53010.0,30,W,Sleep stage W
SC4001,53040.0,30,W,Sleep stage W
SC4001,53070.0,30,W,Sleep stage W
SC4001,53100.0,30,W,Sleep stage W
SC4001,53130.0,30,W,Sleep stage W
SC4001,53160.0,30,W,Sleep stage W
SC4001,53190.0,30,W,Sleep stage W
SC4001,53220.0,30,W,Sleep stage W
SC4001,53250.0,30,W,Sleep stage W
SC4001,53280.0,30,W,Sleep stage W
SC4001,53310.0,30,W,Sleep stage W
SC4001,53340.0,30,W,Sleep stage W
SC4001,53370.0,30,W,Sleep stage W
SC4001,53400.0,30,W,Sleep stage W
SC4001,53430.0,30,W,Sleep stage W
SC4001,53460.0,30,W,Sleep stage W
SC4001,53490.0,30,W,Sleep stage W
SC4001,53520.0,30,W,Sleep stage W
SC4001,53550.0,30,W,Sleep stage W
SC4001,53580.0,30,W,Sleep stage W
SC4001,53610.0,30,W,Sleep stage W
SC4001,53640.0,30,W,Sleep stage W
SC4001,53670.0,30,W,Sleep stage W
SC4001,53700.0,30,W,Sleep stage W
SC4001,53730.0,30,W,Sleep stage W
SC4001,53760.0,30,W,Sleep stage W
SC4001,53790.0,30,W,Sleep stage W
SC4001,53820.0,30,W,Sleep stage W
SC4001,53850.0,30,W,Sleep stage W
SC4001,53880.0,30,W,Sleep stage W
SC4001,53910.0,30,W,Sleep stage W
SC4001,53940.0,30,W,Sleep stage W
SC4001,53970.0,30,W,Sleep stage W
SC4001,54000.0,30,W,Sleep stage W
SC4001,54030.0,30,W,Sleep stage W
SC4001,54060.0,30,W,Sleep stage W
SC4001,54090.0,30,W,Sleep stage W
SC4001,54120.0,30,W,Sleep stage W
SC4001,54150.0,30,W,Sleep stage W
SC4001,54180.0,30,W,Sleep stage W
SC4001,54210.0,30,W,Sleep stage W
SC4001,54240.0,30,W,Sleep stage W
SC4001,54270.0,30,W,Sleep stage W
SC4001,54300.0,30,W,Sleep stage W
SC4001,54330.0,30,W,Sleep stage W
SC4001,54360.0,30,W,Sleep stage W
SC4001,54390.0,30,W,Sleep stage W
SC4001,54420.0,30,W,Sleep stage W
SC4001,54450.0,30,W,Sleep stage W
SC4001,54480.0,30,W,Sleep stage W
SC4001,54510.0,30,W,Sleep stage W
SC4001,54540.0,30,W,Sleep stage W
SC4001,54570.0,30,W,Sleep stage W
SC4001,54600.0,30,W,Sleep stage W
SC4001,54630.0,30,W,Sleep stage W
SC4001,54660.0,30,W,Sleep stage W
SC4001,54690.0,30,W,Sleep stage W
SC4001,54720.0,30,W,Sleep stage W
SC4001,54750.0,30,W,Sleep stage W
SC4001,54780.0,30,W,Sleep stage W
SC4001,54810.0,30,W,Sleep stage W
SC4001,54840.0,30,W,Sleep stage W
SC4001,54870.0,30,W,Sleep stage W
SC4001,54900.0,30,W,Sleep stage W
SC4001,54930.0,30,W,Sleep stage W
SC4001,54960.0,30,W,Sleep stage W
SC4001,54990.0,30,W,Sleep stage W
SC4001,55020.0,30,W,Sleep stage W
SC4001,55050.0,30,W,Sleep stage W
SC4001,55080.0,30,W,Sleep stage W
SC4001,55110.0,30,W,Sleep stage W
SC4001,55140.0,30,W,Sleep stage W
SC4001,55170.0,30,W,Sleep stage W
SC4001,55200.0,30,W,Sleep stage W
SC4001,55230.0,30,W,Sleep stage W
SC4001,55260.0,30,W,Sleep stage W
SC4001,55290.0,30,W,Sleep stage W
SC4001,55320.0,30,W,Sleep stage W
SC4001,55350.0,30,W,Sleep stage W
SC4001,55380.0,30,W,Sleep stage W
SC4001,55410.0,30,W,Sleep stage W
SC4001,55440.0,30,W,Sleep stage W
SC4001,55470.0,30,W,Sleep stage W
SC4001,55500.0,30,W,Sleep stage W
SC4001,55530.0,30,W,Sleep stage W
SC4001,55560.0,30,W,Sleep stage W
SC4001,55590.0,30,W,Sleep stage W
SC4001,55620.0,30,W,Sleep stage W
SC4001,55650.0,30,W,Sleep stage W
SC4001,55680.0,30,W,Sleep stage W
SC4001,55710.0,30,W,Sleep stage W
SC4001,55740.0,30,W,Sleep stage W
SC4001,55770.0,30,W,Sleep stage W
SC4001,55800.0,30,W,Sleep stage W
SC4001,55830.0,30,W,Sleep stage W
SC4001,55860.0,30,W,Sleep stage W
SC4001,55890.0,30,W,Sleep stage W
SC4001,55920.0,30,W,Sleep stage W
SC4001,55950.0,30,W,Sleep stage W
SC4001,55980.0,30,W,Sleep stage W
SC4001,56010.0,30,W,Sleep stage W
SC4001,56040.0,30,W,Sleep stage W
SC4001,56070.0,30,W,Sleep stage W
SC4001,56100.0,30,W,Sleep stage W
SC4001,56130.0,30,W,Sleep stage W
SC4001,56160.0,30,W,Sleep stage W
SC4001,56190.0,30,W,Sleep stage W
SC4001,56220.0,30,W,Sleep stage W
SC4001,56250.0,30,W,Sleep stage W
SC4001,56280.0,30,W,Sleep stage W
SC4001,56310.0,30,W,Sleep stage W
SC4001,56340.0,30,W,Sleep stage W
SC4001,56370.0,30,W,Sleep stage W
SC4001,56400.0,30,W,Sleep stage W
SC4001,56430.0,30,W,Sleep stage W
SC4001,56460.0,30,W,Sleep stage W
SC4001,56490.0,30,W,Sleep stage W
SC4001,56520.0,30,W,Sleep stage W
SC4001,56550.0,30,W,Sleep stage W
SC4001,56580.0,30,W,Sleep stage W
SC4001,56610.0,30,W,Sleep stage W
SC4001,56640.0,30,W,Sleep stage W
SC4001,56670.0,30,W,Sleep stage W
SC4001,56700.0,30,W,Sleep stage W
SC4001,56730.0,30,W,Sleep stage W
SC4001,56760.0,30,W,Sleep stage W
SC4001,56790.0,30,W,Sleep stage W
SC4001,56820.0,30,W,Sleep stage W
SC4001,56850.0,30,W,Sleep stage W
SC4001,56880.0,30,W,Sleep stage W
SC4001,56910.0,30,W,Sleep stage W
SC4001,56940.0,30,W,Sleep stage W
SC4001,56970.0,30,W,Sleep stage W
SC4001,57000.0,30,W,Sleep stage W
SC4001,57030.0,30,W,Sleep stage W
SC4001,57060.0,30,W,Sleep stage W
SC4001,57090.0,30,W,Sleep stage W
SC4001,57120.0,30,W,Sleep stage W
SC4001,57150.0,30,W,Sleep stage W
SC4001,57180.0,30,W,Sleep stage W
SC4001,57210.0,30,W,Sleep stage W
SC4001,57240.0,30,W,Sleep stage W
SC4001,57270.0,30,W,Sleep stage W
SC4001,57300.0,30,W,Sleep stage W
SC4001,57330.0,30,W,Sleep stage W
SC4001,57360.0,30,W,Sleep stage W
SC4001,57390.0,30,W,Sleep stage W
SC4001,57420.0,30,W,Sleep stage W
SC4001,57450.0,30,W,Sleep stage W
SC4001,57480.0,30,W,Sleep stage W
SC4001,57510.0,30,W,Sleep stage W
SC4001,57540.0,30,W,Sleep stage W
SC4001,57570.0,30,W,Sleep stage W
SC4001,57600.0,30,W,Sleep stage W
SC4001,57630.0,30,W,Sleep stage W
SC4001,57660.0,30,W,Sleep stage W
SC4001,57690.0,30,W,Sleep stage W
SC4001,57720.0,30,W,Sleep stage W
SC4001,57750.0,30,W,Sleep stage W
SC4001,57780.0,30,W,Sleep stage W
SC4001,57810.0,30,W,Sleep stage W
SC4001,57840.0,30,W,Sleep stage W
SC4001,57870.0,30,W,Sleep stage W
SC4001,57900.0,30,W,Sleep stage W
SC4001,57930.0,30,W,Sleep stage W
SC4001,57960.0,30,W,Sleep stage W
SC4001,57990.0,30,W,Sleep stage W
SC4001,58020.0,30,W,Sleep stage W
SC4001,58050.0,30,W,Sleep stage W
SC4001,58080.0,30,W,Sleep stage W
SC4001,58110.0,30,W,Sleep stage W
SC4001,58140.0,30,W,Sleep stage W
SC4001,58170.0,30,W,Sleep stage W
SC4001,58200.0,30,W,Sleep stage W
SC4001,58230.0,30,W,Sleep stage W
SC4001,58260.0,30,W,Sleep stage W
SC4001,58290.0,30,W,Sleep stage W
SC4001,58320.0,30,W,Sleep stage W
SC4001,58350.0,30,W,Sleep stage W
SC4001,58380.0,30,W,Sleep stage W
SC4001,58410.0,30,W,Sleep stage W
SC4001,58440.0,30,W,Sleep stage W
SC4001,58470.0,30,W,Sleep stage W
SC4001,58500.0,30,W,Sleep stage W
SC4001,58530.0,30,W,Sleep stage W
SC4001,58560.0,30,W,Sleep stage W
SC4001,58590.0,30,W,Sleep stage W
SC4001,58620.0,30,W,Sleep stage W
SC4001,58650.0,30,W,Sleep stage W
SC4001,58680.0,30,W,Sleep stage W
SC4001,58710.0,30,W,Sleep stage W
SC4001,58740.0,30,W,Sleep stage W
SC4001,58770.0,30,W,Sleep stage W
SC4001,58800.0,30,W,Sleep stage W
SC4001,58830.0,30,W,Sleep stage W
SC4001,58860.0,30,W,Sleep stage W
SC4001,58890.0,30,W,Sleep stage W
SC4001,58920.0,30,W,Sleep stage W
SC4001,58950.0,30,W,Sleep stage W
SC4001,58980.0,30,W,Sleep stage W
SC4001,59010.0,30,W,Sleep stage W
SC4001,59040.0,30,W,Sleep stage W
SC4001,59070.0,30,W,Sleep stage W
SC4001,59100.0,30,W,Sleep stage W
SC4001,59130.0,30,W,Sleep stage W
SC4001,59160.0,30,W,Sleep stage W
SC4001,59190.0,30,W,Sleep stage W
SC4001,59220.0,30,W,Sleep stage W
SC4001,59250.0,30,W,Sleep stage W
SC4001,59280.0,30,W,Sleep stage W
SC4001,59310.0,30,W,Sleep stage W
SC4001,59340.0,30,W,Sleep stage W
SC4001,59370.0,30,W,Sleep stage W
SC4001,59400.0,30,W,Sleep stage W
SC4001,59430.0,30,W,Sleep stage W
SC4001,59460.0,30,W,Sleep stage W
SC4001,59490.0,30,W,Sleep stage W
SC4001,59520.0,30,W,Sleep stage W
SC4001,59550.0,30,W,Sleep stage W
SC4001,59580.0,30,W,Sleep stage W
SC4001,59610.0,30,W,Sleep stage W
SC4001,59640.0,30,W,Sleep stage W
SC4001,59670.0,30,W,Sleep stage W
SC4001,59700.0,30,W,Sleep stage W
SC4001,59730.0,30,W,Sleep stage W
SC4001,59760.0,30,W,Sleep stage W
SC4001,59790.0,30,W,Sleep stage W
SC4001,59820.0,30,W,Sleep stage W
SC4001,59850.0,30,W,Sleep stage W
SC4001,59880.0,30,W,Sleep stage W
SC4001,59910.0,30,W,Sleep stage W
SC4001,59940.0,30,W,Sleep stage W
SC4001,59970.0,30,W,Sleep stage W
SC4001,60000.0,30,W,Sleep stage W
SC4001,60030.0,30,W,Sleep stage W
SC4001,60060.0,30,W,Sleep stage W
SC4001,60090.0,30,W,Sleep stage W
SC4001,60120.0,30,W,Sleep stage W
SC4001,60150.0,30,W,Sleep stage W
SC4001,60180.0,30,W,Sleep stage W
SC4001,60210.0,30,W,Sleep stage W
SC4001,60240.0,30,W,Sleep stage W
SC4001,60270.0,30,W,Sleep stage W
SC4001,60300.0,30,W,Sleep stage W
SC4001,60330.0,30,W,Sleep stage W
SC4001,60360.0,30,W,Sleep stage W
SC4001,60390.0,30,W,Sleep stage W
SC4001,60420.0,30,W,Sleep stage W
SC4001,60450.0,30,W,Sleep stage W
SC4001,60480.0,30,W,Sleep stage W
SC4001,60510.0,30,W,Sleep stage W
SC4001,60540.0,30,W,Sleep stage W
SC4001,60570.0,30,W,Sleep stage W
SC4001,60600.0,30,W,Sleep stage W
SC4001,60630.0,30,W,Sleep stage W
SC4001,60660.0,30,W,Sleep stage W
SC4001,60690.0,30,W,Sleep stage W
SC4001,60720.0,30,W,Sleep stage W
SC4001,60750.0,30,W,Sleep stage W
SC4001,60780.0,30,W,Sleep stage W
SC4001,60810.0,30,W,Sleep stage W
SC4001,60840.0,30,W,Sleep stage W
SC4001,60870.0,30,W,Sleep stage W
SC4001,60900.0,30,W,Sleep stage W
SC4001,60930.0,30,W,Sleep stage W
SC4001,60960.0,30,W,Sleep stage W
SC4001,60990.0,30,W,Sleep stage W
SC4001,61020.0,30,W,Sleep stage W
SC4001,61050.0,30,W,Sleep stage W
SC4001,61080.0,30,W,Sleep stage W
SC4001,61110.0,30,W,Sleep stage W
SC4001,61140.0,30,W,Sleep stage W
SC4001,61170.0,30,W,Sleep stage W
SC4001,61200.0,30,W,Sleep stage W
SC4001,61230.0,30,W,Sleep stage W
SC4001,61260.0,30,W,Sleep stage W
SC4001,61290.0,30,W,Sleep stage W
SC4001,61320.0,30,W,Sleep stage W
SC4001,61350.0,30,W,Sleep stage W
SC4001,61380.0,30,W,Sleep stage W
SC4001,61410.0,30,W,Sleep stage W
SC4001,61440.0,30,W,Sleep stage W
SC4001,61470.0,30,W,Sleep stage W
SC4001,61500.0,30,W,Sleep stage W
SC4001,61530.0,30,W,Sleep stage W
SC4001,61560.0,30,W,Sleep stage W
SC4001,61590.0,30,W,Sleep stage W
SC4001,61620.0,30,W,Sleep stage W
SC4001,61650.0,30,W,Sleep stage W
SC4001,61680.0,30,W,Sleep stage W
SC4001,61710.0,30,W,Sleep stage W
SC4001,61740.0,30,W,Sleep stage W
SC4001,61770.0,30,W,Sleep stage W
SC4001,61800.0,30,W,Sleep stage W
SC4001,61830.0,30,W,Sleep stage W
SC4001,61860.0,30,W,Sleep stage W
SC4001,61890.0,30,W,Sleep stage W
SC4001,61920.0,30,W,Sleep stage W
SC4001,61950.0,30,W,Sleep stage W
SC4001,61980.0,30,W,Sleep stage W
SC4001,62010.0,30,W,Sleep stage W
SC4001,62040.0,30,W,Sleep stage W
SC4001,62070.0,30,W,Sleep stage W
SC4001,62100.0,30,W,Sleep stage W
SC4001,62130.0,30,W,Sleep stage W
SC4001,62160.0,30,W,Sleep stage W
SC4001,62190.0,30,W,Sleep stage W
SC4001,62220.0,30,W,Sleep stage W
SC4001,62250.0,30,W,Sleep stage W
SC4001,62280.0,30,W,Sleep stage W
SC4001,62310.0,30,W,Sleep stage W
SC4001,62340.0,30,W,Sleep stage W
SC4001,62370.0,30,W,Sleep stage W
SC4001,62400.0,30,W,Sleep stage W
SC4001,62430.0,30,W,Sleep stage W
SC4001,62460.0,30,W,Sleep stage W
SC4001,62490.0,30,W,Sleep stage W
SC4001,62520.0,30,W,Sleep stage W
SC4001,62550.0,30,W,Sleep stage W
SC4001,62580.0,30,W,Sleep stage W
SC4001,62610.0,30,W,Sleep stage W
SC4001,62640.0,30,W,Sleep stage W
SC4001,62670.0,30,W,Sleep stage W
SC4001,62700.0,30,W,Sleep stage W
SC4001,62730.0,30,W,Sleep stage W
SC4001,62760.0,30,W,Sleep stage W
SC4001,62790.0,30,W,Sleep stage W
SC4001,62820.0,30,W,Sleep stage W
SC4001,62850.0,30,W,Sleep stage W
SC4001,62880.0,30,W,Sleep stage W
SC4001,62910.0,30,W,Sleep stage W
SC4001,62940.0,30,W,Sleep stage W
SC4001,62970.0,30,W,Sleep stage W
SC4001,63000.0,30,W,Sleep stage W
SC4001,63030.0,30,W,Sleep stage W
SC4001,63060.0,30,W,Sleep stage W
SC4001,63090.0,30,W,Sleep stage W
SC4001,63120.0,30,W,Sleep stage W
SC4001,63150.0,30,W,Sleep stage W
SC4001,63180.0,30,W,Sleep stage W
SC4001,63210.0,30,W,Sleep stage W
SC4001,63240.0,30,W,Sleep stage W
SC4001,63270.0,30,W,Sleep stage W
SC4001,63300.0,30,W,Sleep stage W
SC4001,63330.0,30,W,Sleep stage W
SC4001,63360.0,30,W,Sleep stage W
SC4001,63390.0,30,W,Sleep stage W
SC4001,63420.0,30,W,Sleep stage W
SC4001,63450.0,30,W,Sleep stage W
SC4001,63480.0,30,W,Sleep stage W
SC4001,63510.0,30,W,Sleep stage W
SC4001,63540.0,30,W,Sleep stage W
SC4001,63570.0,30,W,Sleep stage W
SC4001,63600.0,30,W,Sleep stage W
SC4001,63630.0,30,W,Sleep stage W
SC4001,63660.0,30,W,Sleep stage W
SC4001,63690.0,30,W,Sleep stage W
SC4001,63720.0,30,W,Sleep stage W
SC4001,63750.0,30,W,Sleep stage W
SC4001,63780.0,30,W,Sleep stage W
SC4001,63810.0,30,W,Sleep stage W
SC4001,63840.0,30,W,Sleep stage W
SC4001,63870.0,30,W,Sleep stage W
SC4001,63900.0,30,W,Sleep stage W
SC4001,63930.0,30,W,Sleep stage W
SC4001,63960.0,30,W,Sleep stage W
SC4001,63990.0,30,W,Sleep stage W
SC4001,64020.0,30,W,Sleep stage W
SC4001,64050.0,30,W,Sleep stage W
SC4001,64080.0,30,W,Sleep stage W
SC4001,64110.0,30,W,Sleep stage W
SC4001,64140.0,30,W,Sleep stage W
SC4001,64170.0,30,W,Sleep stage W
SC4001,64200.0,30,W,Sleep stage W
SC4001,64230.0,30,W,Sleep stage W
SC4001,64260.0,30,W,Sleep stage W
SC4001,64290.0,30,W,Sleep stage W
SC4001,64320.0,30,W,Sleep stage W
SC4001,64350.0,30,W,Sleep stage W
SC4001,64380.0,30,W,Sleep stage W
SC4001,64410.0,30,W,Sleep stage W
SC4001,64440.0,30,W,Sleep stage W
SC4001,64470.0,30,W,Sleep stage W
SC4001,64500.0,30,W,Sleep stage W
SC4001,64530.0,30,W,Sleep stage W
SC4001,64560.0,30,W,Sleep stage W
SC4001,64590.0,30,W,Sleep stage W
SC4001,64620.0,30,W,Sleep stage W
SC4001,64650.0,30,W,Sleep stage W
SC4001,64680.0,30,W,Sleep stage W
SC4001,64710.0,30,W,Sleep stage W
SC4001,64740.0,30,W,Sleep stage W
SC4001,64770.0,30,W,Sleep stage W
SC4001,64800.0,30,W,Sleep stage W
SC4001,64830.0,30,W,Sleep stage W
SC4001,64860.0,30,W,Sleep stage W
SC4001,64890.0,30,W,Sleep stage W
SC4001,64920.0,30,W,Sleep stage W
SC4001,64950.0,30,W,Sleep stage W
SC4001,64980.0,30,W,Sleep stage W
SC4001,65010.0,30,W,Sleep stage W
SC4001,65040.0,30,W,Sleep stage W
SC4001,65070.0,30,W,Sleep stage W
SC4001,65100.0,30,W,Sleep stage W
SC4001,65130.0,30,W,Sleep stage W
SC4001,65160.0,30,W,Sleep stage W
SC4001,65190.0,30,W,Sleep stage W
SC4001,65220.0,30,W,Sleep stage W
SC4001,65250.0,30,W,Sleep stage W
SC4001,65280.0,30,W,Sleep stage W
SC4001,65310.0,30,W,Sleep stage W
SC4001,65340.0,30,W,Sleep stage W
SC4001,65370.0,30,W,Sleep stage W
SC4001,65400.0,30,W,Sleep stage W
SC4001,65430.0,30,W,Sleep stage W
SC4001,65460.0,30,W,Sleep stage W
SC4001,65490.0,30,W,Sleep stage W
SC4001,65520.0,30,W,Sleep stage W
SC4001,65550.0,30,W,Sleep stage W
SC4001,65580.0,30,W,Sleep stage W
SC4001,65610.0,30,W,Sleep stage W
SC4001,65640.0,30,W,Sleep stage W
SC4001,65670.0,30,W,Sleep stage W
SC4001,65700.0,30,W,Sleep stage W
SC4001,65730.0,30,W,Sleep stage W
SC4001,65760.0,30,W,Sleep stage W
SC4001,65790.0,30,W,Sleep stage W
SC4001,65820.0,30,W,Sleep stage W
SC4001,65850.0,30,W,Sleep stage W
SC4001,65880.0,30,W,Sleep stage W
SC4001,65910.0,30,W,Sleep stage W
SC4001,65940.0,30,W,Sleep stage W
SC4001,65970.0,30,W,Sleep stage W
SC4001,66000.0,30,W,Sleep stage W
SC4001,66030.0,30,W,Sleep stage W
SC4001,66060.0,30,W,Sleep stage W
SC4001,66090.0,30,W,Sleep stage W
SC4001,66120.0,30,W,Sleep stage W
SC4001,66150.0,30,W,Sleep stage W
SC4001,66180.0,30,W,Sleep stage W
SC4001,66210.0,30,W,Sleep stage W
SC4001,66240.0,30,W,Sleep stage W
SC4001,66270.0,30,W,Sleep stage W
SC4001,66300.0,30,W,Sleep stage W
SC4001,66330.0,30,W,Sleep stage W
SC4001,66360.0,30,W,Sleep stage W
SC4001,66390.0,30,W,Sleep stage W
SC4001,66420.0,30,W,Sleep stage W
SC4001,66450.0,30,W,Sleep stage W
SC4001,66480.0,30,W,Sleep stage W
SC4001,66510.0,30,W,Sleep stage W
SC4001,66540.0,30,W,Sleep stage W
SC4001,66570.0,30,W,Sleep stage W
SC4001,66600.0,30,W,Sleep stage W
SC4001,66630.0,30,W,Sleep stage W
SC4001,66660.0,30,W,Sleep stage W
SC4001,66690.0,30,W,Sleep stage W
SC4001,66720.0,30,W,Sleep stage W
SC4001,66750.0,30,W,Sleep stage W
SC4001,66780.0,30,W,Sleep stage W
SC4001,66810.0,30,W,Sleep stage W
SC4001,66840.0,30,W,Sleep stage W
SC4001,66870.0,30,W,Sleep stage W
SC4001,66900.0,30,W,Sleep stage W
SC4001,66930.0,30,W,Sleep stage W
SC4001,66960.0,30,W,Sleep stage W
SC4001,66990.0,30,W,Sleep stage W
SC4001,67020.0,30,W,Sleep stage W
SC4001,67050.0,30,W,Sleep stage W
SC4001,67080.0,30,W,Sleep stage W
SC4001,67110.0,30,W,Sleep stage W
SC4001,67140.0,30,W,Sleep stage W
SC4001,67170.0,30,W,Sleep stage W
SC4001,67200.0,30,W,Sleep stage W
SC4001,67230.0,30,W,Sleep stage W
SC4001,67260.0,30,W,Sleep stage W
SC4001,67290.0,30,W,Sleep stage W
SC4001,67320.0,30,W,Sleep stage W
SC4001,67350.0,30,W,Sleep stage W
SC4001,67380.0,30,W,Sleep stage W
SC4001,67410.0,30,W,Sleep stage W
SC4001,67440.0,30,W,Sleep stage W
SC4001,67470.0,30,W,Sleep stage W
SC4001,67500.0,30,W,Sleep stage W
SC4001,67530.0,30,W,Sleep stage W
SC4001,67560.0,30,W,Sleep stage W
SC4001,67590.0,30,W,Sleep stage W
SC4001,67620.0,30,W,Sleep stage W
SC4001,67650.0,30,W,Sleep stage W
SC4001,67680.0,30,W,Sleep stage W
SC4001,67710.0,30,W,Sleep stage W
SC4001,67740.0,30,W,Sleep stage W
SC4001,67770.0,30,W,Sleep stage W
SC4001,67800.0,30,W,Sleep stage W
SC4001,67830.0,30,W,Sleep stage W
SC4001,67860.0,30,W,Sleep stage W
SC4001,67890.0,30,W,Sleep stage W
SC4001,67920.0,30,W,Sleep stage W
SC4001,67950.0,30,W,Sleep stage W
SC4001,67980.0,30,W,Sleep stage W
SC4001,68010.0,30,W,Sleep stage W
SC4001,68040.0,30,W,Sleep stage W
SC4001,68070.0,30,W,Sleep stage W
SC4001,68100.0,30,W,Sleep stage W
SC4001,68130.0,30,W,Sleep stage W
SC4001,68160.0,30,W,Sleep stage W
SC4001,68190.0,30,W,Sleep stage W
SC4001,68220.0,30,W,Sleep stage W
SC4001,68250.0,30,W,Sleep stage W
SC4001,68280.0,30,W,Sleep stage W
SC4001,68310.0,30,W,Sleep stage W
SC4001,68340.0,30,W,Sleep stage W
SC4001,68370.0,30,W,Sleep stage W
SC4001,68400.0,30,W,Sleep stage W
SC4001,68430.0,30,W,Sleep stage W
SC4001,68460.0,30,W,Sleep stage W
SC4001,68490.0,30,W,Sleep stage W
SC4001,68520.0,30,W,Sleep stage W
SC4001,68550.0,30,W,Sleep stage W
SC4001,68580.0,30,W,Sleep stage W
SC4001,68610.0,30,W,Sleep stage W
SC4001,68640.0,30,W,Sleep stage W
SC4001,68670.0,30,W,Sleep stage W
SC4001,68700.0,30,W,Sleep stage W
SC4001,68730.0,30,W,Sleep stage W
SC4001,68760.0,30,W,Sleep stage W
SC4001,68790.0,30,W,Sleep stage W
SC4001,68820.0,30,W,Sleep stage W
SC4001,68850.0,30,W,Sleep stage W
SC4001,68880.0,30,W,Sleep stage W
SC4001,68910.0,30,W,Sleep stage W
SC4001,68940.0,30,W,Sleep stage W
SC4001,68970.0,30,W,Sleep stage W
SC4001,69000.0,30,W,Sleep stage W
SC4001,69030.0,30,W,Sleep stage W
SC4001,69060.0,30,W,Sleep stage W
SC4001,69090.0,30,W,Sleep stage W
SC4001,69120.0,30,W,Sleep stage W
SC4001,69150.0,30,W,Sleep stage W
SC4001,69180.0,30,W,Sleep stage W
SC4001,69210.0,30,W,Sleep stage W
SC4001,69240.0,30,W,Sleep stage W
SC4001,69270.0,30,W,Sleep stage W
SC4001,69300.0,30,W,Sleep stage W
SC4001,69330.0,30,W,Sleep stage W
SC4001,69360.0,30,W,Sleep stage W
SC4001,69390.0,30,W,Sleep stage W
SC4001,69420.0,30,W,Sleep stage W
SC4001,69450.0,30,W,Sleep stage W
SC4001,69480.0,30,W,Sleep stage W
SC4001,69510.0,30,W,Sleep stage W
SC4001,69540.0,30,W,Sleep stage W
SC4001,69570.0,30,W,Sleep stage W
SC4001,69600.0,30,W,Sleep stage W
SC4001,69630.0,30,W,Sleep stage W
SC4001,69660.0,30,W,Sleep stage W
SC4001,69690.0,30,W,Sleep stage W
SC4001,69720.0,30,W,Sleep stage W
SC4001,69750.0,30,W,Sleep stage W
SC4001,69780.0,30,W,Sleep stage W
SC4001,69810.0,30,W,Sleep stage W
SC4001,69840.0,30,W,Sleep stage W
SC4001,69870.0,30,W,Sleep stage W
SC4001,69900.0,30,W,Sleep stage W
SC4001,69930.0,30,W,Sleep stage W
SC4001,69960.0,30,W,Sleep stage W
SC4001,69990.0,30,W,Sleep stage W
SC4001,70020.0,30,W,Sleep stage W
SC4001,70050.0,30,W,Sleep stage W
SC4001,70080.0,30,W,Sleep stage W
SC4001,70110.0,30,W,Sleep stage W
SC4001,70140.0,30,W,Sleep stage W
SC4001,70170.0,30,W,Sleep stage W
SC4001,70200.0,30,W,Sleep stage W
SC4001,70230.0,30,W,Sleep stage W
SC4001,70260.0,30,W,Sleep stage W
SC4001,70290.0,30,W,Sleep stage W
SC4001,70320.0,30,W,Sleep stage W
SC4001,70350.0,30,W,Sleep stage W
SC4001,70380.0,30,W,Sleep stage W
SC4001,70410.0,30,W,Sleep stage W
SC4001,70440.0,30,W,Sleep stage W
SC4001,70470.0,30,W,Sleep stage W
SC4001,70500.0,30,W,Sleep stage W
SC4001,70530.0,30,W,Sleep stage W
SC4001,70560.0,30,W,Sleep stage W
SC4001,70590.0,30,W,Sleep stage W
SC4001,70620.0,30,W,Sleep stage W
SC4001,70650.0,30,W,Sleep stage W
SC4001,70680.0,30,W,Sleep stage W
SC4001,70710.0,30,W,Sleep stage W
SC4001,70740.0,30,W,Sleep stage W
SC4001,70770.0,30,W,Sleep stage W
SC4001,70800.0,30,W,Sleep stage W
SC4001,70830.0,30,W,Sleep stage W
SC4001,70860.0,30,W,Sleep stage W
SC4001,70890.0,30,W,Sleep stage W
SC4001,70920.0,30,W,Sleep stage W
SC4001,70950.0,30,W,Sleep stage W
SC4001,70980.0,30,W,Sleep stage W
SC4001,71010.0,30,W,Sleep stage W
SC4001,71040.0,30,W,Sleep stage W
SC4001,71070.0,30,W,Sleep stage W
SC4001,71100.0,30,W,Sleep stage W
SC4001,71130.0,30,W,Sleep stage W
SC4001,71160.0,30,W,Sleep stage W
SC4001,71190.0,30,W,Sleep stage W
SC4001,71220.0,30,W,Sleep stage W
SC4001,71250.0,30,W,Sleep stage W
SC4001,71280.0,30,W,Sleep stage W
SC4001,71310.0,30,W,Sleep stage W
SC4001,71340.0,30,W,Sleep stage W
SC4001,71370.0,30,W,Sleep stage W
SC4001,71400.0,30,W,Sleep stage W
SC4001,71430.0,30,W,Sleep stage W
SC4001,71460.0,30,W,Sleep stage W
SC4001,71490.0,30,W,Sleep stage W
SC4001,71520.0,30,W,Sleep stage W
SC4001,71550.0,30,W,Sleep stage W
SC4001,71580.0,30,W,Sleep stage W
SC4001,71610.0,30,W,Sleep stage W
SC4001,71640.0,30,W,Sleep stage W
SC4001,71670.0,30,W,Sleep stage W
SC4001,71700.0,30,W,Sleep stage W
SC4001,71730.0,30,W,Sleep stage W
SC4001,71760.0,30,W,Sleep stage W
SC4001,71790.0,30,W,Sleep stage W
SC4001,71820.0,30,W,Sleep stage W
SC4001,71850.0,30,W,Sleep stage W
SC4001,71880.0,30,W,Sleep stage W
SC4001,71910.0,30,W,Sleep stage W
SC4001,71940.0,30,W,Sleep stage W
SC4001,71970.0,30,W,Sleep stage W
SC4001,72000.0,30,W,Sleep stage W
SC4001,72030.0,30,W,Sleep stage W
SC4001,72060.0,30,W,Sleep stage W
SC4001,72090.0,30,W,Sleep stage W
SC4001,72120.0,30,W,Sleep stage W
SC4001,72150.0,30,W,Sleep stage W
SC4001,72180.0,30,W,Sleep stage W
SC4001,72210.0,30,W,Sleep stage W
SC4001,72240.0,30,W,Sleep stage W
SC4001,72270.0,30,W,Sleep stage W
SC4001,72300.0,30,W,Sleep stage W
SC4001,72330.0,30,W,Sleep stage W
SC4001,72360.0,30,W,Sleep stage W
SC4001,72390.0,30,W,Sleep stage W
SC4001,72420.0,30,W,Sleep stage W
SC4001,72450.0,30,W,Sleep stage W
SC4001,72480.0,30,W,Sleep stage W
SC4001,72510.0,30,W,Sleep stage W
SC4001,72540.0,30,W,Sleep stage W
SC4001,72570.0,30,W,Sleep stage W
SC4001,72600.0,30,W,Sleep stage W
SC4001,72630.0,30,W,Sleep stage W
SC4001,72660.0,30,W,Sleep stage W
SC4001,72690.0,30,W,Sleep stage W
SC4001,72720.0,30,W,Sleep stage W
SC4001,72750.0,30,W,Sleep stage W
SC4001,72780.0,30,W,Sleep stage W
SC4001,72810.0,30,W,Sleep stage W
SC4001,72840.0,30,W,Sleep stage W
SC4001,72870.0,30,W,Sleep stage W
SC4001,72900.0,30,W,Sleep stage W
SC4001,72930.0,30,W,Sleep stage W
SC4001,72960.0,30,W,Sleep stage W
SC4001,72990.0,30,W,Sleep stage W
SC4001,73020.0,30,W,Sleep stage W
SC4001,73050.0,30,W,Sleep stage W
SC4001,73080.0,30,W,Sleep stage W
SC4001,73110.0,30,W,Sleep stage W
SC4001,73140.0,30,W,Sleep stage W
SC4001,73170.0,30,W,Sleep stage W
SC4001,73200.0,30,W,Sleep stage W
SC4001,73230.0,30,W,Sleep stage W
SC4001,73260.0,30,W,Sleep stage W
SC4001,73290.0,30,W,Sleep stage W
SC4001,73320.0,30,W,Sleep stage W
SC4001,73350.0,30,W,Sleep stage W
SC4001,73380.0,30,W,Sleep stage W
SC4001,73410.0,30,W,Sleep stage W
SC4001,73440.0,30,W,Sleep stage W
SC4001,73470.0,30,W,Sleep stage W
SC4001,73500.0,30,W,Sleep stage W
SC4001,73530.0,30,W,Sleep stage W
SC4001,73560.0,30,W,Sleep stage W
SC4001,73590.0,30,W,Sleep stage W
SC4001,73620.0,30,W,Sleep stage W
SC4001,73650.0,30,W,Sleep stage W
SC4001,73680.0,30,W,Sleep stage W
SC4001,73710.0,30,W,Sleep stage W
SC4001,73740.0,30,W,Sleep stage W
SC4001,73770.0,30,W,Sleep stage W
SC4001,73800.0,30,W,Sleep stage W
SC4001,73830.0,30,W,Sleep stage W
SC4001,73860.0,30,W,Sleep stage W
SC4001,73890.0,30,W,Sleep stage W
SC4001,73920.0,30,W,Sleep stage W
SC4001,73950.0,30,W,Sleep stage W
SC4001,73980.0,30,W,Sleep stage W
SC4001,74010.0,30,W,Sleep stage W
SC4001,74040.0,30,W,Sleep stage W
SC4001,74070.0,30,W,Sleep stage W
SC4001,74100.0,30,W,Sleep stage W
SC4001,74130.0,30,W,Sleep stage W
SC4001,74160.0,30,W,Sleep stage W
SC4001,74190.0,30,W,Sleep stage W
SC4001,74220.0,30,W,Sleep stage W
SC4001,74250.0,30,W,Sleep stage W
SC4001,74280.0,30,W,Sleep stage W
SC4001,74310.0,30,W,Sleep stage W
SC4001,74340.0,30,W,Sleep stage W
SC4001,74370.0,30,W,Sleep stage W
SC4001,74400.0,30,W,Sleep stage W
SC4001,74430.0,30,W,Sleep stage W
SC4001,74460.0,30,W,Sleep stage W
SC4001,74490.0,30,W,Sleep stage W
SC4001,74520.0,30,W,Sleep stage W
SC4001,74550.0,30,W,Sleep stage W
SC4001,74580.0,30,W,Sleep stage W
SC4001,74610.0,30,W,Sleep stage W
SC4001,74640.0,30,W,Sleep stage W
SC4001,74670.0,30,W,Sleep stage W
SC4001,74700.0,30,W,Sleep stage W
SC4001,74730.0,30,W,Sleep stage W
SC4001,74760.0,30,W,Sleep stage W
SC4001,74790.0,30,W,Sleep stage W
SC4001,74820.0,30,W,Sleep stage W
SC4001,74850.0,30,W,Sleep stage W
SC4001,74880.0,30,W,Sleep stage W
SC4001,74910.0,30,W,Sleep stage W
SC4001,74940.0,30,W,Sleep stage W
SC4001,74970.0,30,W,Sleep stage W
SC4001,75000.0,30,W,Sleep stage W
SC4001,75030.0,30,W,Sleep stage W
SC4001,75060.0,30,W,Sleep stage W
SC4001,75090.0,30,W,Sleep stage W
SC4001,75120.0,30,W,Sleep stage W
SC4001,75150.0,30,W,Sleep stage W
SC4001,75180.0,30,W,Sleep stage W
SC4001,75210.0,30,W,Sleep stage W
SC4001,75240.0,30,W,Sleep stage W
SC4001,75270.0,30,W,Sleep stage W
SC4001,75300.0,30,W,Sleep stage W
SC4001,75330.0,30,W,Sleep stage W
SC4001,75360.0,30,W,Sleep stage W
SC4001,75390.0,30,W,Sleep stage W
SC4001,75420.0,30,W,Sleep stage W
SC4001,75450.0,30,W,Sleep stage W
SC4001,75480.0,30,W,Sleep stage W
SC4001,75510.0,30,W,Sleep stage W
SC4001,75540.0,30,W,Sleep stage W
SC4001,75570.0,30,W,Sleep stage W
SC4001,75600.0,30,W,Sleep stage W
SC4001,75630.0,30,W,Sleep stage W
SC4001,75660.0,30,W,Sleep stage W
SC4001,75690.0,30,W,Sleep stage W
SC4001,75720.0,30,W,Sleep stage W
SC4001,75750.0,30,W,Sleep stage W
SC4001,75780.0,30,W,Sleep stage W
SC4001,75810.0,30,W,Sleep stage W
SC4001,75840.0,30,W,Sleep stage W
SC4001,75870.0,30,W,Sleep stage W
SC4001,75900.0,30,W,Sleep stage W
SC4001,75930.0,30,W,Sleep stage W
SC4001,75960.0,30,W,Sleep stage W
SC4001,75990.0,30,W,Sleep stage W
SC4001,76020.0,30,W,Sleep stage W
SC4001,76050.0,30,W,Sleep stage W
SC4001,76080.0,30,W,Sleep stage W
SC4001,76110.0,30,W,Sleep stage W
SC4001,76140.0,30,W,Sleep stage W
SC4001,76170.0,30,W,Sleep stage W
SC4001,76200.0,30,W,Sleep stage W
SC4001,76230.0,30,W,Sleep stage W
SC4001,76260.0,30,W,Sleep stage W
SC4001,76290.0,30,W,Sleep stage W
SC4001,76320.0,30,W,Sleep stage W
SC4001,76350.0,30,W,Sleep stage W
SC4001,76380.0,30,W,Sleep stage W
SC4001,76410.0,30,W,Sleep stage W
SC4001,76440.0,30,W,Sleep stage W
SC4001,76470.0,30,W,Sleep stage W
SC4001,76500.0,30,W,Sleep stage W
SC4001,76530.0,30,W,Sleep stage W
SC4001,76560.0,30,W,Sleep stage W
SC4001,76590.0,30,W,Sleep stage W
SC4001,76620.0,30,W,Sleep stage W
SC4001,76650.0,30,W,Sleep stage W
SC4001,76680.0,30,W,Sleep stage W
SC4001,76710.0,30,W,Sleep stage W
SC4001,76740.0,30,W,Sleep stage W
SC4001,76770.0,30,W,Sleep stage W
SC4001,76800.0,30,W,Sleep stage W
SC4001,76830.0,30,W,Sleep stage W
SC4001,76860.0,30,W,Sleep stage W
SC4001,76890.0,30,W,Sleep stage W
SC4001,76920.0,30,W,Sleep stage W
SC4001,76950.0,30,W,Sleep stage W
SC4001,76980.0,30,W,Sleep stage W
SC4001,77010.0,30,W,Sleep stage W
SC4001,77040.0,30,W,Sleep stage W
SC4001,77070.0,30,W,Sleep stage W
SC4001,77100.0,30,W,Sleep stage W
SC4001,77130.0,30,W,Sleep stage W
SC4001,77160.0,30,W,Sleep stage W
SC4001,77190.0,30,W,Sleep stage W
SC4001,77220.0,30,W,Sleep stage W
SC4001,77250.0,30,W,Sleep stage W
SC4001,77280.0,30,W,Sleep stage W
SC4001,77310.0,30,W,Sleep stage W
SC4001,77340.0,30,W,Sleep stage W
SC4001,77370.0,30,W,Sleep stage W
SC4001,77400.0,30,W,Sleep stage W
SC4001,77430.0,30,W,Sleep stage W
SC4001,77460.0,30,W,Sleep stage W
SC4001,77490.0,30,W,Sleep stage W
SC4001,77520.0,30,W,Sleep stage W
SC4001,77550.0,30,W,Sleep stage W
SC4001,77580.0,30,W,Sleep stage W
SC4001,77610.0,30,W,Sleep stage W
SC4001,77640.0,30,W,Sleep stage W
SC4001,77670.0,30,W,Sleep stage W
SC4001,77700.0,30,W,Sleep stage W
SC4001,77730.0,30,W,Sleep stage W
SC4001,77760.0,30,W,Sleep stage W
SC4001,77790.0,30,W,Sleep stage W
SC4001,77820.0,30,W,Sleep stage W
SC4001,77850.0,30,W,Sleep stage W
SC4001,77880.0,30,W,Sleep stage W
SC4001,77910.0,30,W,Sleep stage W
SC4001,77940.0,30,W,Sleep stage W
SC4001,77970.0,30,W,Sleep stage W
SC4001,78000.0,30,W,Sleep stage W
SC4001,78030.0,30,W,Sleep stage W
SC4001,78060.0,30,W,Sleep stage W
SC4001,78090.0,30,W,Sleep stage W
SC4001,78120.0,30,W,Sleep stage W
SC4001,78150.0,30,W,Sleep stage W
SC4001,78180.0,30,W,Sleep stage W
SC4001,78210.0,30,W,Sleep stage W
SC4001,78240.0,30,W,Sleep stage W
SC4001,78270.0,30,W,Sleep stage W
SC4001,78300.0,30,W,Sleep stage W
SC4001,78330.0,30,W,Sleep stage W
SC4001,78360.0,30,W,Sleep stage W
SC4001,78390.0,30,W,Sleep stage W
SC4001,78420.0,30,W,Sleep stage W
SC4001,78450.0,30,W,Sleep stage W
SC4001,78480.0,30,W,Sleep stage W
SC4001,78510.0,30,W,Sleep stage W
SC4001,78540.0,30,W,Sleep stage W
SC4001,78570.0,30,W,Sleep stage W
SC4001,78600.0,30,W,Sleep stage W
SC4001,78630.0,30,W,Sleep stage W
SC4001,78660.0,30,W,Sleep stage W
SC4001,78690.0,30,W,Sleep stage W
SC4001,78720.0,30,W,Sleep stage W
SC4001,78750.0,30,W,Sleep stage W
SC4001,78780.0,30,W,Sleep stage W
SC4001,78810.0,30,W,Sleep stage W
SC4001,78840.0,30,W,Sleep stage W
SC4001,78870.0,30,W,Sleep stage W
SC4001,78900.0,30,W,Sleep stage W
SC4001,78930.0,30,W,Sleep stage W
SC4001,78960.0,30,W,Sleep stage W
SC4001,78990.0,30,W,Sleep stage W
SC4001,79020.0,30,W,Sleep stage W
SC4001,79050.0,30,W,Sleep stage W
SC4001,79080.0,30,W,Sleep stage W
SC4001,79110.0,30,W,Sleep stage W
SC4001,79140.0,30,W,Sleep stage W
SC4001,79170.0,30,W,Sleep stage W
SC4001,79200.0,30,W,Sleep stage W
SC4001,79230.0,30,W,Sleep stage W
SC4001,79260.0,30,W,Sleep stage W
SC4001,79290.0,30,W,Sleep stage W
SC4001,79320.0,30,W,Sleep stage W
SC4001,79350.0,30,W,Sleep stage W
SC4001,79380.0,30,W,Sleep stage W
SC4001,79410.0,30,W,Sleep stage W
SC4001,79440.0,30,W,Sleep stage W
SC4001,79470.0,30,W,Sleep stage W
